chip_id,detector,source_detector,grid_id,pred_idx,iou_to_gt,area_m2,human_label,propagated_from,pair_iou
v3c_G0772_p0000,v3c,both,G0772,0,0.0,130.206,ground_road_marking,,1.0
v3c_G0772_p0001,v3c,both,G0772,1,0.0,4.02,hvac_rooftop_equipment,,1.0
v3c_G0772_p0002,v3c,both,G0772,2,0.0,4.319,hvac_rooftop_equipment,,1.0
v3c_G0772_p0004,v3c,both,G0772,4,0.0,143.997,ground_road_marking,,1.0
v3c_G0772_p0006,v3c,both,G0772,6,0.0,181.218,ground_road_marking,,1.0
v3c_G0772_p0007,v3c,both,G0772,7,0.0,17.992,actually_pv_mislabeled,,1.0
v3c_G0772_p0010,v3c,both,G0772,10,0.0,126.384,ground_road_marking,,1.0
v3c_G0772_p0012,v3c,both,G0772,12,0.0,125.787,roof_shadow_dark_fixture,,1.0
v3c_G0772_p0014,v3c,both,G0772,14,0.0,28.779,corrugated_metal_roof,,1.0
v3c_G0772_p0015,v3c,both,G0772,15,0.0,137.666,corrugated_metal_roof,,1.0
v3c_G0772_p0018,v3c,both,G0772,18,0.0,6.289,actually_pv_mislabeled,,1.0
v3c_G0772_p0019,v3c,both,G0772,19,0.0096,674.075,corrugated_metal_roof,,1.0
v3c_G0772_p0020,v3c,both,G0772,20,0.0,160.97,corrugated_metal_roof,,1.0
v3c_G0772_p0021,v3c,both,G0772,21,0.0,14.708,actually_pv_mislabeled,,1.0
v3c_G0772_p0022,v3c,both,G0772,22,0.0,18.788,skylight_roof_window,,1.0
v3c_G0772_p0026,v3c,both,G0772,26,0.0,11.563,hvac_rooftop_equipment,,1.0
v3c_G0772_p0027,v3c,both,G0772,27,0.0,25.416,skylight_roof_window,,1.0
v3c_G0772_p0028,v3c,both,G0772,28,0.0,33.258,actually_pv_mislabeled,,1.0
v3c_G0772_p0029,v3c,both,G0772,29,0.0,464.946,skylight_roof_window,,1.0
v3c_G0772_p0030,v3c,both,G0772,30,0.0,178.945,corrugated_metal_roof,,1.0
v3c_G0772_p0031,v3c,both,G0772,31,0.0,360.397,corrugated_metal_roof,,1.0
v3c_G0772_p0032,v3c,both,G0772,32,0.0,5.015,actually_pv_mislabeled,,1.0
v3c_G0772_p0033,v3c,both,G0772,33,0.0,132.113,ground_road_marking,,1.0
v3c_G0772_p0034,v3c,both,G0772,34,0.0,120.987,ground_road_marking,,1.0
v3c_G0772_p0036,v3c,both,G0772,36,0.0,5.613,actually_pv_mislabeled,,1.0
v3c_G0772_p0038,v3c,both,G0772,38,0.0,214.885,actually_pv_mislabeled,,1.0
v3c_G0772_p0043,v3c,both,G0772,43,0.0,40.78,corrugated_metal_roof,,1.0
v3c_G0772_p0048,v3c,both,G0772,48,0.0,29.057,other_unknown,,1.0
v3c_G0772_p0055,v3c,both,G0772,55,0.0,27.186,skylight_roof_window,,1.0
v3c_G0773_p0004,v3c,both,G0773,4,0.0,136.535,actually_pv_mislabeled,,1.0
v3c_G0773_p0005,v3c,both,G0773,5,0.0358,207.209,actually_pv_mislabeled,,1.0
v3c_G0773_p0006,v3c,both,G0773,6,0.0216,123.08,actually_pv_mislabeled,,1.0
v3c_G0773_p0007,v3c,both,G0773,7,0.0,141.17,corrugated_metal_roof,,1.0
v3c_G0773_p0008,v3c,both,G0773,8,0.0,5.752,actually_pv_mislabeled,,1.0
v3c_G0773_p0024,v3c,both,G0773,24,0.0,57.001,ground_road_marking,,1.0
v3c_G0773_p0025,v3c,both,G0773,25,0.0,20.221,solar_thermal_water_heater,,1.0
v3c_G0773_p0027,v3c,both,G0773,27,0.0,19.882,roof_shadow_dark_fixture,,1.0
v3c_G0774_p0008,v3c,both,G0774,8,0.0,144.158,actually_pv_mislabeled,,1.0
v3c_G0774_p0010,v3c,both,G0774,10,0.0,736.958,corrugated_metal_roof,,1.0
v3c_G0774_p0011,v3c,both,G0774,11,0.0,19.644,skylight_roof_window,,1.0
v3c_G0774_p0012,v3c,both,G0774,12,0.0,18.729,skylight_roof_window,,1.0
v3c_G0774_p0013,v3c,both,G0774,13,0.0,19.644,skylight_roof_window,,1.0
v3c_G0774_p0014,v3c,both,G0774,14,0.0,18.211,skylight_roof_window,,1.0
v3c_G0774_p0015,v3c,both,G0774,15,0.0,19.127,skylight_roof_window,,1.0
v3c_G0774_p0016,v3c,both,G0774,16,0.0,19.704,skylight_roof_window,,1.0
v3c_G0774_p0017,v3c,both,G0774,17,0.0,20.6,skylight_roof_window,,1.0
v3c_G0774_p0018,v3c,both,G0774,18,0.0,16.619,skylight_roof_window,,1.0
v3c_G0774_p0019,v3c,both,G0774,19,0.0,2393.589,actually_pv_mislabeled,,1.0
v3c_G0774_p0020,v3c,both,G0774,20,0.0,21.038,actually_pv_mislabeled,,1.0
v3c_G0774_p0021,v3c,both,G0774,21,0.0,8.439,actually_pv_mislabeled,,1.0
v3c_G0774_p0022,v3c,both,G0774,22,0.0,123.022,corrugated_metal_roof,,1.0
v3c_G0774_p0025,v3c,both,G0774,25,0.0,19.027,skylight_roof_window,,1.0
v3c_G0774_p0026,v3c,both,G0774,26,0.0,19.286,skylight_roof_window,,1.0
v3c_G0774_p0030,v3c,both,G0774,30,0.0,185.734,actually_pv_mislabeled,,1.0
v3c_G0774_p0032,v3c,both,G0774,32,0.0,152.576,actually_pv_mislabeled,,1.0
v3c_G0774_p0034,v3c,both,G0774,34,0.0,137.827,actually_pv_mislabeled,,1.0
v3c_G0774_p0036,v3c,both,G0774,36,0.0,138.703,actually_pv_mislabeled,,1.0
v3c_G0774_p0037,v3c,both,G0774,37,0.0,126.403,actually_pv_mislabeled,,1.0
v3c_G0774_p0038,v3c,both,G0774,38,0.0,98.997,actually_pv_mislabeled,,1.0
v3c_G0774_p0040,v3c,both,G0774,40,0.0,96.33,actually_pv_mislabeled,,1.0
v3c_G0774_p0041,v3c,both,G0774,41,0.0,118.959,actually_pv_mislabeled,,1.0
v3c_G0774_p0043,v3c,both,G0774,43,0.0,90.538,actually_pv_mislabeled,,1.0
v3c_G0774_p0047,v3c,both,G0774,47,0.0,89.044,roof_shadow_dark_fixture,,1.0
v3c_G0774_p0058,v3c,both,G0774,58,0.0,11.524,actually_pv_mislabeled,,1.0
v3c_G0774_p0059,v3c,both,G0774,59,0.0,191.147,actually_pv_mislabeled,,1.0
v3c_G0774_p0060,v3c,both,G0774,60,0.0,4.836,actually_pv_mislabeled,,1.0
v3c_G0774_p0086,v3c,both,G0774,86,0.0,36.98,actually_pv_mislabeled,,1.0
v3c_G0774_p0090,v3c,both,G0774,90,0.0,20.818,actually_pv_mislabeled,,1.0
v3c_G0774_p0099,v3c,both,G0774,99,0.0,15.922,actually_pv_mislabeled,,1.0
v3c_G0774_p0100,v3c,both,G0774,100,0.0,12.459,actually_pv_mislabeled,,1.0
v3c_G0774_p0113,v3c,both,G0774,113,0.0,74.575,hvac_rooftop_equipment,,1.0
v3c_G0774_p0116,v3c,both,G0774,116,0.0,17.335,actually_pv_mislabeled,,1.0
v3c_G0774_p0117,v3c,both,G0774,117,0.0,16.738,actually_pv_mislabeled,,1.0
v3c_G0774_p0119,v3c,both,G0774,119,0.0,15.126,actually_pv_mislabeled,,1.0
v3c_G0774_p0120,v3c,both,G0774,120,0.0,7.045,roof_shadow_dark_fixture,,1.0
v3c_G0774_p0123,v3c,both,G0774,123,0.0,14.11,actually_pv_mislabeled,,1.0
v3c_G0775_p0001,v3c,both,G0775,1,0.0,5.772,other_unknown,,1.0
v3c_G0775_p0002,v3c,both,G0775,2,0.0,101.328,ground_road_marking,,1.0
v3c_G0775_p0003,v3c,both,G0775,3,0.0,50.773,skylight_roof_window,,1.0
v3c_G0775_p0004,v3c,both,G0775,4,0.0,102.423,skylight_roof_window,,1.0
v3c_G0775_p0005,v3c,both,G0775,5,0.0,15.604,actually_pv_mislabeled,,1.0
v3c_G0775_p0007,v3c,both,G0775,7,0.0,48.584,pergola_carport_shadow,,1.0
v3c_G0775_p0008,v3c,both,G0775,8,0.0,48.505,pergola_carport_shadow,,1.0
v3c_G0775_p0011,v3c,both,G0775,11,0.0,32.86,skylight_roof_window,,1.0
v3c_G0775_p0022,v3c,both,G0775,22,0.0,185.714,corrugated_metal_roof,,1.0
v3c_G0775_p0023,v3c,both,G0775,23,0.0,5.513,corrugated_metal_roof,,1.0
v3c_G0775_p0024,v3c,both,G0775,24,0.0,21.694,actually_pv_mislabeled,,1.0
v3c_G0775_p0025,v3c,both,G0775,25,0.0,9.195,actually_pv_mislabeled,,1.0
v3c_G0775_p0026,v3c,both,G0775,26,0.0,40.064,roof_shadow_dark_fixture,,1.0
v3c_G0775_p0027,v3c,both,G0775,27,0.0,158.405,skylight_roof_window,,1.0
v3c_G0775_p0033,v3c,both,G0775,33,0.0,13.613,actually_pv_mislabeled,,1.0
v3c_G0775_p0034,v3c,both,G0775,34,0.0,206.546,actually_pv_mislabeled,,1.0
v3c_G0775_p0035,v3c,both,G0775,35,0.0,17.116,actually_pv_mislabeled,,1.0
v3c_G0775_p0036,v3c,both,G0775,36,0.0,192.395,actually_pv_mislabeled,,1.0
v3c_G0775_p0042,v3c,both,G0775,42,0.0,43.268,pergola_carport_shadow,,1.0
v3c_G0775_p0053,v3c,both,G0775,53,0.0,23.604,skylight_roof_window,,1.0
v3c_G0775_p0056,v3c,both,G0775,56,0.0,23.684,skylight_roof_window,,1.0
v3c_G0775_p0065,v3c,both,G0775,65,0.0,94.375,ground_road_marking,,1.0
v3c_G0776_p0008,v3c,both,G0776,8,0.0,20.739,ground_road_marking,,1.0
v3c_G0776_p0009,v3c,both,G0776,9,0.0,23.147,ground_road_marking,,1.0
v3c_G0776_p0010,v3c,both,G0776,10,0.0,24.222,ground_road_marking,,1.0
v3c_G0776_p0011,v3c,both,G0776,11,0.0,24.142,ground_road_marking,,1.0
v3c_G0776_p0012,v3c,both,G0776,12,0.0,26.849,ground_road_marking,,1.0
v3c_G0776_p0014,v3c,both,G0776,14,0.0,24.919,ground_road_marking,,1.0
v3c_G0776_p0015,v3c,both,G0776,15,0.0,13.574,ground_road_marking,,1.0
v3c_G0776_p0016,v3c,both,G0776,16,0.0,22.749,ground_road_marking,,1.0
v3c_G0776_p0017,v3c,both,G0776,17,0.0,21.216,ground_road_marking,,1.0
v3c_G0776_p0020,v3c,both,G0776,20,0.0,171.044,corrugated_metal_roof,,1.0
v3c_G0776_p0024,v3c,both,G0776,24,0.0,12.837,ground_road_marking,,1.0
v3c_G0776_p0025,v3c,both,G0776,25,0.0,19.803,ground_road_marking,,1.0
v3c_G0776_p0026,v3c,both,G0776,26,0.0,9.971,ground_road_marking,,1.0
v3c_G0814_p0003,v3c,both,G0814,3,0.0,47.293,actually_pv_mislabeled,,1.0
v3c_G0814_p0005,v3c,both,G0814,5,0.0,43.113,corrugated_metal_roof,,1.0
v3c_G0814_p0009,v3c,both,G0814,9,0.0,13.157,pergola_carport_shadow,,1.0
v3c_G0814_p0011,v3c,both,G0814,11,0.0,259.796,hvac_rooftop_equipment,,1.0
v3c_G0814_p0013,v3c,both,G0814,13,0.0,21.795,pergola_carport_shadow,,1.0
v3c_G0814_p0014,v3c,both,G0814,14,0.0,34.434,pergola_carport_shadow,,1.0
v3c_G0814_p0015,v3c,both,G0814,15,0.0,39.032,pergola_carport_shadow,,1.0
v3c_G0814_p0016,v3c,both,G0814,16,0.0,30.215,skylight_roof_window,,1.0
v3c_G0814_p0017,v3c,both,G0814,17,0.0,13.256,actually_pv_mislabeled,,1.0
v3c_G0814_p0018,v3c,both,G0814,18,0.0,16.739,actually_pv_mislabeled,,1.0
v3c_G0814_p0019,v3c,both,G0814,19,0.0,50.596,actually_pv_mislabeled,,1.0
v3c_G0814_p0021,v3c,both,G0814,21,0.0,21.536,pergola_carport_shadow,,1.0
v3c_G0814_p0023,v3c,both,G0814,23,0.0,6.31,actually_pv_mislabeled,,1.0
v3c_G0814_p0026,v3c,both,G0814,26,0.0,24.561,skylight_roof_window,,1.0
v3c_G0814_p0037,v3c,both,G0814,37,0.0,49.84,pergola_carport_shadow,,1.0
v3c_G0814_p0047,v3c,both,G0814,47,0.0,60.486,pergola_carport_shadow,,1.0
v3c_G0814_p0052,v3c,both,G0814,52,0.0,49.401,other_unknown,,1.0
v3c_G0814_p0061,v3c,both,G0814,61,0.0,33.159,solar_thermal_water_heater,,1.0
v3c_G0814_p0074,v3c,both,G0814,74,0.0,79.912,corrugated_metal_roof,,1.0
v3c_G0814_p0077,v3c,both,G0814,77,0.0,21.356,skylight_roof_window,,1.0
v3c_G0814_p0081,v3c,both,G0814,81,0.0,83.276,ground_road_marking,,1.0
v3c_G0815_p0000,v3c,both,G0815,0,0.0,15.008,roof_shadow_dark_fixture,,1.0
v3c_G0815_p0001,v3c,both,G0815,1,0.0,12.779,actually_pv_mislabeled,,1.0
v3c_G0815_p0011,v3c,both,G0815,11,0.0,191.483,corrugated_metal_roof,,1.0
v3c_G0815_p0016,v3c,both,G0815,16,0.0,28.285,actually_pv_mislabeled,,1.0
v3c_G0815_p0018,v3c,both,G0815,18,0.0,8.459,actually_pv_mislabeled,,1.0
v3c_G0815_p0020,v3c,both,G0815,20,0.0,148.287,ground_road_marking,,1.0
v3c_G0815_p0026,v3c,both,G0815,26,0.0,98.945,ground_road_marking,,1.0
v3c_G0815_p0031,v3c,both,G0815,31,0.0,64.629,other_unknown,,1.0
v3c_G0815_p0034,v3c,both,G0815,34,0.0,97.072,corrugated_metal_roof,,1.0
v3c_G0815_p0036,v3c,both,G0815,36,0.0,9.912,actually_pv_mislabeled,,1.0
v3c_G0815_p0039,v3c,both,G0815,39,0.0,45.44,actually_pv_mislabeled,,1.0
v3c_G0815_p0040,v3c,both,G0815,40,0.0,742.6,corrugated_metal_roof,,1.0
v3c_G0815_p0041,v3c,both,G0815,41,0.0,12.301,actually_pv_mislabeled,,1.0
v3c_G0815_p0042,v3c,both,G0815,42,0.0981,4.697,actually_pv_mislabeled,,1.0
v3c_G0815_p0046,v3c,both,G0815,46,0.0,16.5,actually_pv_mislabeled,,1.0
v3c_G0815_p0048,v3c,both,G0815,48,0.0,12.858,skylight_roof_window,,1.0
v3c_G0815_p0049,v3c,both,G0815,49,0.0,21.894,actually_pv_mislabeled,,1.0
v3c_G0815_p0050,v3c,both,G0815,50,0.0,13.455,skylight_roof_window,,1.0
v3c_G0816_p0000,v3c,both,G0816,0,0.0,28.962,corrugated_metal_roof,,1.0
v3c_G0816_p0006,v3c,both,G0816,6,0.0,67.537,actually_pv_mislabeled,,1.0
v3c_G0816_p0010,v3c,both,G0816,10,0.0,93.911,skylight_roof_window,,1.0
v3c_G0816_p0011,v3c,both,G0816,11,0.0,576.562,skylight_roof_window,,1.0
v3c_G0816_p0020,v3c,both,G0816,20,0.0,18.611,roof_shadow_dark_fixture,,1.0
v3c_G0816_p0022,v3c,both,G0816,22,0.0,13.814,skylight_roof_window,,1.0
v3c_G0816_p0023,v3c,both,G0816,23,0.0,36.604,skylight_roof_window,,1.0
v3c_G0816_p0024,v3c,both,G0816,24,0.0,109.536,skylight_roof_window,,1.0
v3c_G0816_p0025,v3c,both,G0816,25,0.0,76.474,skylight_roof_window,,1.0
v3c_G0816_p0026,v3c,both,G0816,26,0.0,93.233,corrugated_metal_roof,,1.0
v3c_G0816_p0032,v3c,both,G0816,32,0.0,104.735,ground_road_marking,,1.0
v3c_G0816_p0033,v3c,both,G0816,33,0.0,271.013,ground_road_marking,,1.0
v3c_G0816_p0034,v3c,both,G0816,34,0.0,48.169,hvac_rooftop_equipment,,1.0
v3c_G0816_p0035,v3c,both,G0816,35,0.0,18.65,actually_pv_mislabeled,,1.0
v3c_G0816_p0037,v3c,both,G0816,37,0.0,746.863,skylight_roof_window,,1.0
v3c_G0816_p0038,v3c,both,G0816,38,0.0,92.654,skylight_roof_window,,1.0
v3c_G0816_p0040,v3c,both,G0816,40,0.0,42.994,skylight_roof_window,,1.0
v3c_G0816_p0041,v3c,both,G0816,41,0.0,261.263,skylight_roof_window,,1.0
v3c_G0816_p0044,v3c,both,G0816,44,0.0,235.9,corrugated_metal_roof,,1.0
v3c_G0816_p0045,v3c,both,G0816,45,0.0,4.638,other_unknown,,1.0
v3c_G0816_p0048,v3c,both,G0816,48,0.0,9.753,hvac_rooftop_equipment,,1.0
v3c_G0816_p0049,v3c,both,G0816,49,0.0,274.036,pergola_carport_shadow,,1.0
v3c_G0816_p0050,v3c,both,G0816,50,0.0,259.625,actually_pv_mislabeled,,1.0
v3c_G0816_p0057,v3c,both,G0816,57,0.0,66.439,skylight_roof_window,,1.0
v3c_G0816_p0060,v3c,both,G0816,60,0.0,16.043,actually_pv_mislabeled,,1.0
v3c_G0816_p0073,v3c,both,G0816,73,0.0,235.778,ground_road_marking,,1.0
v3c_G0817_p0000,v3c,both,G0817,0,0.0,109.795,skylight_roof_window,,1.0
v3c_G0817_p0001,v3c,both,G0817,1,0.0,81.251,skylight_roof_window,,1.0
v3c_G0817_p0009,v3c,both,G0817,9,0.0,25.339,actually_pv_mislabeled,,1.0
v3c_G0817_p0010,v3c,both,G0817,10,0.0,14.909,actually_pv_mislabeled,,1.0
v3c_G0817_p0023,v3c,both,G0817,23,0.0,16.063,actually_pv_mislabeled,,1.0
v3c_G0817_p0024,v3c,both,G0817,24,0.0,47.433,skylight_roof_window,,1.0
v3c_G0817_p0025,v3c,both,G0817,25,0.0,18.312,pergola_carport_shadow,,1.0
v3c_G0817_p0026,v3c,both,G0817,26,0.0,753.129,actually_pv_mislabeled,,1.0
v3c_G0817_p0027,v3c,both,G0817,27,0.0,345.523,skylight_roof_window,,1.0
v3c_G0817_p0028,v3c,both,G0817,28,0.0,18.073,skylight_roof_window,,1.0
v3c_G0817_p0029,v3c,both,G0817,29,0.0,19.108,roof_shadow_dark_fixture,,1.0
v3c_G0817_p0038,v3c,both,G0817,38,0.0263,1428.154,actually_pv_mislabeled,,1.0
v3c_G0817_p0042,v3c,both,G0817,42,0.0,220.499,corrugated_metal_roof,,1.0
v3c_G0817_p0043,v3c,both,G0817,43,0.0,29.26,actually_pv_mislabeled,,1.0
v3c_G0817_p0044,v3c,both,G0817,44,0.0,17.257,skylight_roof_window,,1.0
v3c_G0817_p0047,v3c,both,G0817,47,0.0,40.664,skylight_roof_window,,1.0
v3c_G0817_p0049,v3c,both,G0817,49,0.0,15.684,actually_pv_mislabeled,,1.0
v3c_G0817_p0055,v3c,both,G0817,55,0.0,9.992,actually_pv_mislabeled,,1.0
v3c_G0817_p0057,v3c,both,G0817,57,0.0,63.872,corrugated_metal_roof,,1.0
v3c_G0817_p0058,v3c,both,G0817,58,0.0,182.956,corrugated_metal_roof,,1.0
v3c_G0817_p0059,v3c,both,G0817,59,0.0,16.341,actually_pv_mislabeled,,1.0
v3c_G0817_p0060,v3c,both,G0817,60,0.0,11.067,actually_pv_mislabeled,,1.0
v3c_G0817_p0068,v3c,both,G0817,68,0.0845,445.979,actually_pv_mislabeled,,1.0
v3c_G0817_p0069,v3c,both,G0817,69,0.0615,136.996,actually_pv_mislabeled,,1.0
v3c_G0818_p0000,v3c,both,G0818,0,0.0,365.856,hvac_rooftop_equipment,,1.0
v3c_G0818_p0007,v3c,both,G0818,7,0.0,8.32,actually_pv_mislabeled,,1.0
v3c_G0818_p0013,v3c,both,G0818,13,0.0,112.482,corrugated_metal_roof,,1.0
v3c_G0818_p0014,v3c,both,G0818,14,0.0,21.179,roof_shadow_dark_fixture,,1.0
v3c_G0818_p0015,v3c,both,G0818,15,0.0,22.433,actually_pv_mislabeled,,1.0
v3c_G0818_p0016,v3c,both,G0818,16,0.0,28.703,actually_pv_mislabeled,,1.0
v3c_G0818_p0021,v3c,both,G0818,21,0.0,56.29,corrugated_metal_roof,,1.0
v3c_G0818_p0027,v3c,both,G0818,27,0.0533,7.106,actually_pv_mislabeled,,1.0
v3c_G0818_p0029,v3c,both,G0818,29,0.0,27.21,corrugated_metal_roof,,1.0
v3c_G0818_p0032,v3c,both,G0818,32,0.0,5.056,other_unknown,,1.0
v3c_G0818_p0037,v3c,both,G0818,37,0.0,224.26,corrugated_metal_roof,,1.0
v3c_G0818_p0049,v3c,both,G0818,49,0.0,26.472,ground_road_marking,,1.0
v3c_G0853_p0003,v3c,both,G0853,3,0.0,21.976,skylight_roof_window,,1.0
v3c_G0853_p0004,v3c,both,G0853,4,0.0,36.726,skylight_roof_window,,1.0
v3c_G0853_p0005,v3c,both,G0853,5,0.0,28.147,skylight_roof_window,,1.0
v3c_G0853_p0006,v3c,both,G0853,6,0.0,18.034,actually_pv_mislabeled,,1.0
v3c_G0853_p0011,v3c,both,G0853,11,0.0,17.537,other_unknown,,1.0
v3c_G0853_p0012,v3c,both,G0853,12,0.0,35.432,corrugated_metal_roof,,1.0
v3c_G0853_p0013,v3c,both,G0853,13,0.0,35.612,skylight_roof_window,,1.0
v3c_G0853_p0014,v3c,both,G0853,14,0.0,34.795,skylight_roof_window,,1.0
v3c_G0853_p0015,v3c,both,G0853,15,0.0,35.134,skylight_roof_window,,1.0
v3c_G0853_p0017,v3c,both,G0853,17,0.0,36.607,skylight_roof_window,,1.0
v3c_G0853_p0018,v3c,both,G0853,18,0.0,36.686,skylight_roof_window,,1.0
v3c_G0853_p0020,v3c,both,G0853,20,0.0,35.85,skylight_roof_window,,1.0
v3c_G0853_p0023,v3c,both,G0853,23,0.0,299.34,corrugated_metal_roof,,1.0
v3c_G0853_p0024,v3c,both,G0853,24,0.0,12.102,roof_shadow_dark_fixture,,1.0
v3c_G0853_p0025,v3c,both,G0853,25,0.0,10.55,actually_pv_mislabeled,,1.0
v3c_G0853_p0026,v3c,both,G0853,26,0.0,11.028,actually_pv_mislabeled,,1.0
v3c_G0853_p0027,v3c,both,G0853,27,0.0,71.181,corrugated_metal_roof,,1.0
v3c_G0853_p0028,v3c,both,G0853,28,0.0,14.989,skylight_roof_window,,1.0
v3c_G0853_p0033,v3c,both,G0853,33,0.0,24.145,corrugated_metal_roof,,1.0
v3c_G0853_p0034,v3c,both,G0853,34,0.0,31.948,corrugated_metal_roof,,1.0
v3c_G0853_p0036,v3c,both,G0853,36,0.0,15.426,actually_pv_mislabeled,,1.0
v3c_G0853_p0037,v3c,both,G0853,37,0.0,17.556,pergola_carport_shadow,,1.0
v3c_G0853_p0038,v3c,both,G0853,38,0.0,113.955,corrugated_metal_roof,,1.0
v3c_G0853_p0046,v3c,both,G0853,46,0.0,256.154,hvac_rooftop_equipment,,1.0
v3c_G0854_p0007,v3c,both,G0854,7,0.0,35.214,hvac_rooftop_equipment,,1.0
v3c_G0854_p0015,v3c,both,G0854,15,0.0,29.958,skylight_roof_window,,1.0
v3c_G0854_p0017,v3c,both,G0854,17,0.0,42.697,skylight_roof_window,,1.0
v3c_G0854_p0018,v3c,both,G0854,18,0.0,43.612,corrugated_metal_roof,,1.0
v3c_G0854_p0019,v3c,both,G0854,19,0.0,43.354,corrugated_metal_roof,,1.0
v3c_G0854_p0021,v3c,both,G0854,21,0.0,25.877,corrugated_metal_roof,,1.0
v3c_G0854_p0022,v3c,both,G0854,22,0.0,44.05,corrugated_metal_roof,,1.0
v3c_G0854_p0023,v3c,both,G0854,23,0.0,31.49,other_unknown,,1.0
v3c_G0854_p0024,v3c,both,G0854,24,0.0,11.485,actually_pv_mislabeled,,1.0
v3c_G0854_p0034,v3c,both,G0854,34,0.0353,350.333,actually_pv_mislabeled,,1.0
v3c_G0855_p0004,v3c,both,G0855,4,0.0,95.551,roof_shadow_dark_fixture,,1.0
v3c_G0855_p0005,v3c,both,G0855,5,0.0,24.764,skylight_roof_window,,1.0
v3c_G0855_p0007,v3c,both,G0855,7,0.0,53.19,skylight_roof_window,,1.0
v3c_G0855_p0016,v3c,both,G0855,16,0.0,17.538,skylight_roof_window,,1.0
v3c_G0855_p0017,v3c,both,G0855,17,0.0,133.113,hvac_rooftop_equipment,,1.0
v3c_G0855_p0018,v3c,both,G0855,18,0.0,155.267,skylight_roof_window,,1.0
v3c_G0855_p0020,v3c,both,G0855,20,0.0,75.284,skylight_roof_window,,1.0
v3c_G0855_p0021,v3c,both,G0855,21,0.0,325.181,ground_road_marking,,1.0
v3c_G0855_p0022,v3c,both,G0855,22,0.0,96.96,skylight_roof_window,,1.0
v3c_G0855_p0041,v3c,both,G0855,41,0.0,20.025,actually_pv_mislabeled,,1.0
v3c_G0855_p0042,v3c,both,G0855,42,0.0,31.012,corrugated_metal_roof,,1.0
v3c_G0855_p0053,v3c,both,G0855,53,0.0,25.498,actually_pv_mislabeled,,1.0
v3c_G0856_p0000,v3c,both,G0856,0,0.0,37.205,corrugated_metal_roof,,1.0
v3c_G0856_p0001,v3c,both,G0856,1,0.0,182.877,skylight_roof_window,,1.0
v3c_G0856_p0006,v3c,both,G0856,6,0.0,38.08,skylight_roof_window,,1.0
v3c_G0856_p0007,v3c,both,G0856,7,0.0,28.565,skylight_roof_window,,1.0
v3c_G0856_p0013,v3c,both,G0856,13,0.0,121.745,hvac_rooftop_equipment,,1.0
v3c_G0856_p0018,v3c,both,G0856,18,0.0,25.32,skylight_roof_window,,1.0
v3c_G0856_p0019,v3c,both,G0856,19,0.0,95.247,roof_shadow_dark_fixture,,1.0
v3c_G0856_p0021,v3c,both,G0856,21,0.0,233.012,roof_shadow_dark_fixture,,1.0
v3c_G0856_p0022,v3c,both,G0856,22,0.0,98.093,roof_shadow_dark_fixture,,1.0
v3c_G0856_p0023,v3c,both,G0856,23,0.0,19.05,actually_pv_mislabeled,,1.0
v3c_G0856_p0025,v3c,both,G0856,25,0.0,20.821,skylight_roof_window,,1.0
v3c_G0856_p0026,v3c,both,G0856,26,0.0,62.423,skylight_roof_window,,1.0
v3c_G0856_p0027,v3c,both,G0856,27,0.0,114.595,roof_shadow_dark_fixture,,1.0
v3c_G0856_p0028,v3c,both,G0856,28,0.0,20.005,other_unknown,,1.0
v3c_G0856_p0036,v3c,both,G0856,36,0.0,16.123,actually_pv_mislabeled,,1.0
v3c_G0857_p0000,v3c,both,G0857,0,0.0,54.146,corrugated_metal_roof,,1.0
v3c_G0857_p0001,v3c,both,G0857,1,0.0,54.504,corrugated_metal_roof,,1.0
v3c_G0857_p0002,v3c,both,G0857,2,0.0,54.644,corrugated_metal_roof,,1.0
v3c_G0857_p0006,v3c,both,G0857,6,0.0,14.512,actually_pv_mislabeled,,1.0
v3c_G0857_p0007,v3c,both,G0857,7,0.0,38.221,ground_road_marking,,1.0
v3c_G0857_p0009,v3c,both,G0857,9,0.0,7.425,solar_thermal_water_heater,,1.0
v3c_G0857_p0010,v3c,both,G0857,10,0.0,8.5,corrugated_metal_roof,,1.0
v3c_G0857_p0019,v3c,both,G0857,19,0.0,194.441,solar_thermal_water_heater,,1.0
v3c_G0857_p0020,v3c,both,G0857,20,0.0,296.916,corrugated_metal_roof,,1.0
v3c_G0857_p0025,v3c,both,G0857,25,0.0,18.513,hvac_rooftop_equipment,,1.0
v3c_G0857_p0026,v3c,both,G0857,26,0.0,91.985,ground_road_marking,,1.0
v3c_G0857_p0027,v3c,both,G0857,27,0.0,48.909,actually_pv_mislabeled,,1.0
v3c_G0857_p0031,v3c,both,G0857,31,0.0,8.818,skylight_roof_window,,1.0
v3c_G0857_p0033,v3c,both,G0857,33,0.0,8.719,skylight_roof_window,,1.0
v3c_G0857_p0035,v3c,both,G0857,35,0.0,14.332,skylight_roof_window,,1.0
v3c_G0857_p0037,v3c,both,G0857,37,0.0,306.945,corrugated_metal_roof,,1.0
v3c_G0857_p0038,v3c,both,G0857,38,0.0,242.468,corrugated_metal_roof,,1.0
v3c_G0857_p0041,v3c,both,G0857,41,0.0,94.95,corrugated_metal_roof,,1.0
v3c_G0857_p0042,v3c,both,G0857,42,0.0,12.62,actually_pv_mislabeled,,1.0
v3c_G0857_p0044,v3c,both,G0857,44,0.0,20.503,actually_pv_mislabeled,,1.0
v3c_G0857_p0045,v3c,both,G0857,45,0.0,19.189,actually_pv_mislabeled,,1.0
v3c_G0857_p0046,v3c,both,G0857,46,0.0,101.02,corrugated_metal_roof,,1.0
v3c_G0857_p0047,v3c,both,G0857,47,0.0,21.159,actually_pv_mislabeled,,1.0
v3c_G0857_p0048,v3c,both,G0857,48,0.0,472.906,hvac_rooftop_equipment,,1.0
v3c_G0857_p0052,v3c,both,G0857,52,0.0,226.822,corrugated_metal_roof,,1.0
v3c_G0857_p0053,v3c,both,G0857,53,0.0,59.557,skylight_roof_window,,1.0
v3c_G0857_p0054,v3c,both,G0857,54,0.0,119.531,skylight_roof_window,,1.0
v3c_G0888_p0005,v3c,both,G0888,5,0.0,149.962,hvac_rooftop_equipment,,1.0
v3c_G0888_p0009,v3c,both,G0888,9,0.0,26.437,roof_shadow_dark_fixture,,1.0
v3c_G0888_p0017,v3c,both,G0888,17,0.0,28.926,pergola_carport_shadow,,1.0
v3c_G0888_p0022,v3c,both,G0888,22,0.0,42.781,corrugated_metal_roof,,1.0
v3c_G0888_p0025,v3c,both,G0888,25,0.0,23.829,hvac_rooftop_equipment,,1.0
v3c_G0888_p0026,v3c,both,G0888,26,0.0,17.24,skylight_roof_window,,1.0
v3c_G0888_p0027,v3c,both,G0888,27,0.0,194.833,corrugated_metal_roof,,1.0
v3c_G0888_p0028,v3c,both,G0888,28,0.0,150.32,corrugated_metal_roof,,1.0
v3c_G0888_p0038,v3c,both,G0888,38,0.0,9.974,corrugated_metal_roof,,1.0
v3c_G0888_p0039,v3c,both,G0888,39,0.0,130.652,corrugated_metal_roof,,1.0
v3c_G0888_p0040,v3c,both,G0888,40,0.0,24.108,pergola_carport_shadow,,1.0
v3c_G0888_p0044,v3c,both,G0888,44,0.0,11.964,roof_shadow_dark_fixture,,1.0
v3c_G0888_p0046,v3c,both,G0888,46,0.0,226.005,corrugated_metal_roof,,1.0
v3c_G0888_p0049,v3c,both,G0888,49,0.0,19.349,corrugated_metal_roof,,1.0
v3c_G0888_p0050,v3c,both,G0888,50,0.0,126.448,corrugated_metal_roof,,1.0
v3c_G0888_p0051,v3c,both,G0888,51,0.0,114.383,corrugated_metal_roof,,1.0
v3c_G0888_p0052,v3c,both,G0888,52,0.0,24.604,solar_thermal_water_heater,,1.0
v3c_G0888_p0053,v3c,both,G0888,53,0.0,42.5,actually_pv_mislabeled,,1.0
v3c_G0889_p0000,v3c,both,G0889,0,0.0,12.701,pergola_carport_shadow,,1.0
v3c_G0889_p0004,v3c,both,G0889,4,0.0989,956.796,actually_pv_mislabeled,,1.0
v3c_G0889_p0005,v3c,both,G0889,5,0.0,23.013,roof_shadow_dark_fixture,,1.0
v3c_G0889_p0013,v3c,both,G0889,13,0.0455,368.015,actually_pv_mislabeled,,1.0
v3c_G0889_p0014,v3c,both,G0889,14,0.0,7.107,solar_thermal_water_heater,,1.0
v3c_G0889_p0015,v3c,both,G0889,15,0.0,148.726,pergola_carport_shadow,,1.0
v3c_G0889_p0016,v3c,both,G0889,16,0.0,146.019,skylight_roof_window,,1.0
v3c_G0889_p0017,v3c,both,G0889,17,0.0,31.493,skylight_roof_window,,1.0
v3c_G0889_p0018,v3c,both,G0889,18,0.0,34.479,skylight_roof_window,,1.0
v3c_G0889_p0027,v3c,both,G0889,27,0.0,9.734,other_unknown,,1.0
v3c_G0889_p0031,v3c,both,G0889,31,0.0,56.057,hvac_rooftop_equipment,,1.0
v3c_G0889_p0033,v3c,both,G0889,33,0.0,64.339,roof_shadow_dark_fixture,,1.0
v3c_G0889_p0034,v3c,both,G0889,34,0.0,161.326,pergola_carport_shadow,,1.0
v3c_G0889_p0043,v3c,both,G0889,43,0.0,87.25,ground_road_marking,,1.0
v3c_G0889_p0046,v3c,both,G0889,46,0.0,22.415,skylight_roof_window,,1.0
v3c_G0889_p0048,v3c,both,G0889,48,0.0,35.255,skylight_roof_window,,1.0
v3c_G0889_p0049,v3c,both,G0889,49,0.0,7.943,other_unknown,,1.0
v3c_G0889_p0050,v3c,both,G0889,50,0.0,249.849,other_unknown,,1.0
v3c_G0889_p0052,v3c,both,G0889,52,0.0,29.283,skylight_roof_window,,1.0
v3c_G0889_p0059,v3c,both,G0889,59,0.0,32.547,skylight_roof_window,,1.0
v3c_G0889_p0062,v3c,both,G0889,62,0.0,87.788,ground_road_marking,,1.0
v3c_G0889_p0076,v3c,both,G0889,76,0.0,25.361,actually_pv_mislabeled,,1.0
v3c_G0890_p0007,v3c,both,G0890,7,0.0,256.649,ground_road_marking,,1.0
v3c_G0890_p0009,v3c,both,G0890,9,0.0,259.854,ground_road_marking,,1.0
v3c_G0890_p0010,v3c,both,G0890,10,0.0,25.701,roof_shadow_dark_fixture,,1.0
v3c_G0890_p0015,v3c,both,G0890,15,0.0,25.78,skylight_roof_window,,1.0
v3c_G0890_p0016,v3c,both,G0890,16,0.0,215.057,pergola_carport_shadow,,1.0
v3c_G0890_p0017,v3c,both,G0890,17,0.0,63.404,pergola_carport_shadow,,1.0
v3c_G0890_p0018,v3c,both,G0890,18,0.0,221.984,pergola_carport_shadow,,1.0
v3c_G0890_p0020,v3c,both,G0890,20,0.0,46.862,corrugated_metal_roof,,1.0
v3c_G0890_p0041,v3c,both,G0890,41,0.0,29.243,pergola_carport_shadow,,1.0
v3c_G0890_p0064,v3c,both,G0890,64,0.0,131.922,roof_shadow_dark_fixture,,1.0
v3c_G0890_p0067,v3c,both,G0890,67,0.0,1429.999,corrugated_metal_roof,,1.0
v3c_G0890_p0068,v3c,both,G0890,68,0.0,33.822,corrugated_metal_roof,,1.0
v3c_G0890_p0069,v3c,both,G0890,69,0.0,195.048,ground_road_marking,,1.0
v3c_G0890_p0072,v3c,both,G0890,72,0.0,14.333,roof_shadow_dark_fixture,,1.0
v3c_G0890_p0073,v3c,both,G0890,73,0.0,15.925,hvac_rooftop_equipment,,1.0
v3c_G0890_p0076,v3c,both,G0890,76,0.0,94.396,roof_shadow_dark_fixture,,1.0
v3c_G0891_p0000,v3c,both,G0891,0,0.0,14.951,solar_thermal_water_heater,,1.0
v3c_G0891_p0001,v3c,both,G0891,1,0.0,15.05,solar_thermal_water_heater,,1.0
v3c_G0891_p0002,v3c,both,G0891,2,0.0,19.45,skylight_roof_window,,1.0
v3c_G0891_p0003,v3c,both,G0891,3,0.0,68.085,skylight_roof_window,,1.0
v3c_G0891_p0004,v3c,both,G0891,4,0.0,25.462,skylight_roof_window,,1.0
v3c_G0891_p0005,v3c,both,G0891,5,0.0,34.659,skylight_roof_window,,1.0
v3c_G0891_p0006,v3c,both,G0891,6,0.0,37.804,pergola_carport_shadow,,1.0
v3c_G0891_p0008,v3c,both,G0891,8,0.0,38.381,pergola_carport_shadow,,1.0
v3c_G0891_p0009,v3c,both,G0891,9,0.0,34.002,skylight_roof_window,,1.0
v3c_G0891_p0022,v3c,both,G0891,22,0.0,104.731,roof_shadow_dark_fixture,,1.0
v3c_G0891_p0024,v3c,both,G0891,24,0.0,97.702,corrugated_metal_roof,,1.0
v3c_G0891_p0027,v3c,both,G0891,27,0.0,54.684,pergola_carport_shadow,,1.0
v3c_G0891_p0028,v3c,both,G0891,28,0.0,54.684,pergola_carport_shadow,,1.0
v3c_G0891_p0029,v3c,both,G0891,29,0.0,54.763,pergola_carport_shadow,,1.0
v3c_G0891_p0030,v3c,both,G0891,30,0.0,34.618,pergola_carport_shadow,,1.0
v3c_G0892_p0007,v3c,both,G0892,7,0.0,50.246,actually_pv_mislabeled,,1.0
v3c_G0892_p0019,v3c,both,G0892,19,0.0,54.664,skylight_roof_window,,1.0
v3c_G0892_p0020,v3c,both,G0892,20,0.0,54.684,skylight_roof_window,,1.0
v3c_G0892_p0021,v3c,both,G0892,21,0.0,54.385,skylight_roof_window,,1.0
v3c_G0892_p0022,v3c,both,G0892,22,0.0,54.962,skylight_roof_window,,1.0
v3c_G0892_p0023,v3c,both,G0892,23,0.0,39.913,ground_road_marking,,1.0
v3c_G0892_p0024,v3c,both,G0892,24,0.0,7.485,solar_thermal_water_heater,,1.0
v3c_G0892_p0025,v3c,both,G0892,25,0.0,8.48,corrugated_metal_roof,,1.0
v3c_G0922_p0000,v3c,both,G0922,0,0.0,11.707,other_unknown,,1.0
v3c_G0922_p0001,v3c,both,G0922,1,0.0,10.731,solar_thermal_water_heater,,1.0
v3c_G0922_p0015,v3c,both,G0922,15,0.0,18.635,solar_thermal_water_heater,,1.0
v3c_G0922_p0023,v3c,both,G0922,23,0.0,22.159,solar_thermal_water_heater,,1.0
v3c_G0922_p0033,v3c,both,G0922,33,0.0,17.062,actually_pv_mislabeled,,1.0
v3c_G0922_p0044,v3c,both,G0922,44,0.0,18.237,actually_pv_mislabeled,,1.0
v3c_G0922_p0045,v3c,both,G0922,45,0.0,6.67,other_unknown,,1.0
v3c_G0922_p0048,v3c,both,G0922,48,0.0,26.559,actually_pv_mislabeled,,1.0
v3c_G0922_p0055,v3c,both,G0922,55,0.0,84.294,solar_thermal_water_heater,,1.0
v3c_G0922_p0058,v3c,both,G0922,58,0.0,9.656,other_unknown,,1.0
v3c_G0922_p0060,v3c,both,G0922,60,0.0,68.488,corrugated_metal_roof,,1.0
v3c_G0922_p0081,v3c,both,G0922,81,0.0,22.815,solar_thermal_water_heater,,1.0
v3c_G0922_p0088,v3c,both,G0922,88,0.0,8.76,solar_thermal_water_heater,,1.0
v3c_G0922_p0097,v3c,both,G0922,97,0.0,31.396,skylight_roof_window,,1.0
v3c_G0922_p0102,v3c,both,G0922,102,0.0,21.94,ground_road_marking,,1.0
v3c_G0922_p0120,v3c,both,G0922,120,0.0,394.644,ground_road_marking,,1.0
v3c_G0922_p0122,v3c,both,G0922,122,0.0,43.62,solar_thermal_water_heater,,1.0
v3c_G0922_p0125,v3c,both,G0922,125,0.0,13.538,ground_road_marking,,1.0
v3c_G0922_p0127,v3c,both,G0922,127,0.0,14.693,roof_shadow_dark_fixture,,1.0
v3c_G0922_p0129,v3c,both,G0922,129,0.0,27.095,actually_pv_mislabeled,,1.0
v3c_G0922_p0130,v3c,both,G0922,130,0.0,27.912,actually_pv_mislabeled,,1.0
v3c_G0922_p0142,v3c,both,G0922,142,0.0894,151.181,actually_pv_mislabeled,,1.0
v3c_G0922_p0143,v3c,both,G0922,143,0.0,67.35,ground_road_marking,,1.0
v3c_G0922_p0152,v3c,both,G0922,152,0.0,3.862,actually_pv_mislabeled,,1.0
v3c_G0923_p0009,v3c,both,G0923,9,0.0,14.952,actually_pv_mislabeled,,1.0
v3c_G0923_p0014,v3c,both,G0923,14,0.0,26.021,solar_thermal_water_heater,,1.0
v3c_G0923_p0018,v3c,both,G0923,18,0.0,66.058,actually_pv_mislabeled,,1.0
v3c_G0923_p0029,v3c,both,G0923,29,0.0,23.911,actually_pv_mislabeled,,1.0
v3c_G0923_p0033,v3c,both,G0923,33,0.0,44.716,actually_pv_mislabeled,,1.0
v3c_G0923_p0051,v3c,both,G0923,51,0.0,154.915,actually_pv_mislabeled,,1.0
v3c_G0923_p0056,v3c,both,G0923,56,0.0,133.471,ground_road_marking,,1.0
v3c_G0923_p0059,v3c,both,G0923,59,0.0,39.838,solar_thermal_water_heater,,1.0
v3c_G0923_p0062,v3c,both,G0923,62,0.0,30.799,actually_pv_mislabeled,,1.0
v3c_G0923_p0065,v3c,both,G0923,65,0.0,23.492,actually_pv_mislabeled,,1.0
v3c_G0923_p0066,v3c,both,G0923,66,0.0,18.077,actually_pv_mislabeled,,1.0
v3c_G0923_p0069,v3c,both,G0923,69,0.0,21.84,corrugated_metal_roof,,1.0
v3c_G0923_p0088,v3c,both,G0923,88,0.0,17.002,solar_thermal_water_heater,,1.0
v3c_G0923_p0089,v3c,both,G0923,89,0.0,7.963,other_unknown,,1.0
v3c_G0923_p0091,v3c,both,G0923,91,0.0,23.074,solar_thermal_water_heater,,1.0
v3c_G0923_p0093,v3c,both,G0923,93,0.0,29.624,solar_thermal_water_heater,,1.0
v3c_G0923_p0094,v3c,both,G0923,94,0.0,34.74,solar_thermal_water_heater,,1.0
v3c_G0923_p0096,v3c,both,G0923,96,0.0,14.294,actually_pv_mislabeled,,1.0
v3c_G0923_p0125,v3c,both,G0923,125,0.0,18.535,solar_thermal_water_heater,,1.0
v3c_G0923_p0126,v3c,both,G0923,126,0.0,15.429,solar_thermal_water_heater,,1.0
v3c_G0923_p0141,v3c,both,G0923,141,0.0,5.833,solar_thermal_water_heater,,1.0
v3c_G0923_p0151,v3c,both,G0923,151,0.0,6.61,actually_pv_mislabeled,,1.0
v3c_G0923_p0153,v3c,both,G0923,153,0.0,26.139,solar_thermal_water_heater,,1.0
v3c_G0923_p0154,v3c,both,G0923,154,0.0,31.793,solar_thermal_water_heater,,1.0
v3c_G0923_p0172,v3c,both,G0923,172,0.0,32.749,actually_pv_mislabeled,,1.0
v3c_G0923_p0187,v3c,both,G0923,187,0.0,23.252,solar_thermal_water_heater,,1.0
v3c_G0924_p0003,v3c,both,G0924,3,0.0,22.398,actually_pv_mislabeled,,1.0
v3c_G0924_p0010,v3c,both,G0924,10,0.0,24.647,skylight_roof_window,,1.0
v3c_G0924_p0014,v3c,both,G0924,14,0.0,21.562,actually_pv_mislabeled,,1.0
v3c_G0924_p0020,v3c,both,G0924,20,0.0,47.504,solar_thermal_water_heater,,1.0
v3c_G0924_p0032,v3c,both,G0924,32,0.0,26.817,solar_thermal_water_heater,,1.0
v3c_G0924_p0052,v3c,both,G0924,52,0.0,96.4,other_unknown,,1.0
v3c_G0924_p0053,v3c,both,G0924,53,0.0,51.405,hvac_rooftop_equipment,,1.0
v3c_G0924_p0055,v3c,both,G0924,55,0.0,28.987,skylight_roof_window,,1.0
v3c_G0924_p0065,v3c,both,G0924,65,0.075,437.468,actually_pv_mislabeled,,1.0
v3c_G0924_p0080,v3c,both,G0924,80,0.0,63.765,pergola_carport_shadow,,1.0
v3c_G0924_p0095,v3c,both,G0924,95,0.0,22.436,skylight_roof_window,,1.0
v3c_G0925_p0004,v3c,both,G0925,4,0.0,17.082,ground_road_marking,,1.0
v3c_G0925_p0005,v3c,both,G0925,5,0.0,15.629,ground_road_marking,,1.0
v3c_G0925_p0006,v3c,both,G0925,6,0.0,16.047,ground_road_marking,,1.0
v3c_G0925_p0007,v3c,both,G0925,7,0.0,163.394,skylight_roof_window,,1.0
v3c_G0925_p0008,v3c,both,G0925,8,0.0,20.267,skylight_roof_window,,1.0
v3c_G0925_p0009,v3c,both,G0925,9,0.0,81.845,hvac_rooftop_equipment,,1.0
v3c_G0925_p0010,v3c,both,G0925,10,0.0,82.163,hvac_rooftop_equipment,,1.0
v3c_G0925_p0011,v3c,both,G0925,11,0.0,66.755,ground_road_marking,,1.0
v3c_G0925_p0012,v3c,both,G0925,12,0.0,66.396,solar_thermal_water_heater,,1.0
v3c_G0925_p0029,v3c,both,G0925,29,0.0,306.089,ground_road_marking,,1.0
v3c_G0926_p0000,v3c,both,G0926,0,0.0,94.331,other_unknown,,1.0
v3c_G0926_p0001,v3c,both,G0926,1,0.0,425.465,ground_road_marking,,1.0
v3c_G0926_p0002,v3c,both,G0926,2,0.0,11.229,other_unknown,,1.0
v3c_G0926_p0004,v3c,both,G0926,4,0.0,61.739,solar_thermal_water_heater,,1.0
v3c_G0926_p0009,v3c,both,G0926,9,0.0,97.538,pergola_carport_shadow,,1.0
v3c_G0926_p0011,v3c,both,G0926,11,0.0,21.005,skylight_roof_window,,1.0
v3c_G0926_p0012,v3c,both,G0926,12,0.0,43.283,corrugated_metal_roof,,1.0
v3c_G0926_p0026,v3c,both,G0926,26,0.0,25.762,actually_pv_mislabeled,,1.0
v3c_G0926_p0030,v3c,both,G0926,30,0.0,81.625,corrugated_metal_roof,,1.0
v3c_G0926_p0032,v3c,both,G0926,32,0.0,44.734,skylight_roof_window,,1.0
v3c_G0926_p0033,v3c,both,G0926,33,0.0,37.328,corrugated_metal_roof,,1.0
v3c_G0926_p0034,v3c,both,G0926,34,0.0,26.598,skylight_roof_window,,1.0
v4_2_G0772_p0000,v4_2,both,G0772,0,0.0,351.827,ground_road_marking,v3c_G0772_p0000,0.3695
v4_2_G0772_p0004,v4_2,both,G0772,4,0.0,4.299,hvac_rooftop_equipment,v3c_G0772_p0001,0.9263
v4_2_G0772_p0007,v4_2,both,G0772,7,0.0,5.672,hvac_rooftop_equipment,v3c_G0772_p0002,0.7552
v4_2_G0772_p0011,v4_2,both,G0772,11,0.0,167.064,ground_road_marking,v3c_G0772_p0004,0.8562
v4_2_G0772_p0013,v4_2,both,G0772,13,0.0,203.529,ground_road_marking,v3c_G0772_p0006,0.8104
v4_2_G0772_p0014,v4_2,both,G0772,14,0.0,21.475,actually_pv_mislabeled,v3c_G0772_p0007,0.7833
v4_2_G0772_p0015,v4_2,both,G0772,15,0.0,147.004,ground_road_marking,v3c_G0772_p0010,0.8532
v4_2_G0772_p0019,v4_2,both,G0772,19,0.0,131.38,roof_shadow_dark_fixture,v3c_G0772_p0012,0.9404
v4_2_G0772_p0021,v4_2,both,G0772,21,0.0,33.138,corrugated_metal_roof,v3c_G0772_p0014,0.8673
v4_2_G0772_p0023,v4_2,both,G0772,23,0.0,832.342,corrugated_metal_roof,v3c_G0772_p0015,0.1654
v4_2_G0772_p0025,v4_2,both,G0772,25,0.0,9.474,actually_pv_mislabeled,v3c_G0772_p0018,0.6639
v4_2_G0772_p0026,v4_2,both,G0772,26,0.0064,1014.645,corrugated_metal_roof,v3c_G0772_p0019,0.6568
v4_2_G0772_p0027,v4_2,both,G0772,27,0.0,111.294,corrugated_metal_roof,v3c_G0772_p0020,0.6602
v4_2_G0772_p0028,v4_2,both,G0772,28,0.0,17.295,actually_pv_mislabeled,v3c_G0772_p0021,0.8483
v4_2_G0772_p0029,v4_2,both,G0772,29,0.0,21.455,skylight_roof_window,v3c_G0772_p0022,0.8757
v4_2_G0772_p0035,v4_2,both,G0772,35,0.0,12.598,hvac_rooftop_equipment,v3c_G0772_p0026,0.9118
v4_2_G0772_p0036,v4_2,both,G0772,36,0.0,27.406,skylight_roof_window,v3c_G0772_p0027,0.926
v4_2_G0772_p0040,v4_2,both,G0772,40,0.0,37.716,actually_pv_mislabeled,v3c_G0772_p0028,0.8798
v4_2_G0772_p0043,v4_2,both,G0772,43,0.0,759.346,skylight_roof_window,v3c_G0772_p0029,0.6089
v4_2_G0772_p0044,v4_2,both,G0772,44,0.0,762.549,corrugated_metal_roof,v3c_G0772_p0031,0.4718
v4_2_G0772_p0046,v4_2,both,G0772,46,0.0,6.568,actually_pv_mislabeled,v3c_G0772_p0032,0.7636
v4_2_G0772_p0049,v4_2,both,G0772,49,0.0,165.709,ground_road_marking,v3c_G0772_p0033,0.7891
v4_2_G0772_p0050,v4_2,both,G0772,50,0.0,266.634,ground_road_marking,v3c_G0772_p0034,0.4455
v4_2_G0772_p0051,v4_2,both,G0772,51,0.0,6.866,actually_pv_mislabeled,v3c_G0772_p0036,0.8174
v4_2_G0772_p0054,v4_2,both,G0772,54,0.0,221.433,actually_pv_mislabeled,v3c_G0772_p0038,0.9527
v4_2_G0772_p0063,v4_2,both,G0772,63,0.0,43.029,corrugated_metal_roof,v3c_G0772_p0043,0.9477
v4_2_G0772_p0070,v4_2,both,G0772,70,0.0,31.087,other_unknown,v3c_G0772_p0048,0.8643
v4_2_G0772_p0080,v4_2,both,G0772,80,0.0,29.157,skylight_roof_window,v3c_G0772_p0055,0.9324
v4_2_G0773_p0007,v4_2,both,G0773,7,0.0,591.976,actually_pv_mislabeled,v3c_G0773_p0004,0.2255
v4_2_G0773_p0008,v4_2,both,G0773,8,0.0738,424.808,actually_pv_mislabeled,v3c_G0773_p0005,0.4865
v4_2_G0773_p0009,v4_2,both,G0773,9,0.0,149.529,corrugated_metal_roof,v3c_G0773_p0007,0.9428
v4_2_G0773_p0012,v4_2,both,G0773,12,0.0,6.568,actually_pv_mislabeled,v3c_G0773_p0008,0.8758
v4_2_G0773_p0018,v4_2,both,G0773,18,0.0,60.742,ground_road_marking,v3c_G0773_p0024,0.9384
v4_2_G0773_p0019,v4_2,both,G0773,19,0.0,22.947,solar_thermal_water_heater,v3c_G0773_p0025,0.8812
v4_2_G0773_p0021,v4_2,both,G0773,21,0.0,20.897,roof_shadow_dark_fixture,v3c_G0773_p0027,0.9185
v4_2_G0774_p0008,v4_2,both,G0774,8,0.0,571.575,actually_pv_mislabeled,v3c_G0774_p0008,0.2516
v4_2_G0774_p0013,v4_2,both,G0774,13,0.0,873.355,corrugated_metal_roof,v3c_G0774_p0010,0.8435
v4_2_G0774_p0014,v4_2,both,G0774,14,0.0,24.003,skylight_roof_window,v3c_G0774_p0011,0.8184
v4_2_G0774_p0015,v4_2,both,G0774,15,0.0,21.117,skylight_roof_window,v3c_G0774_p0012,0.8869
v4_2_G0774_p0016,v4_2,both,G0774,16,0.0,20.301,skylight_roof_window,v3c_G0774_p0013,0.9676
v4_2_G0774_p0018,v4_2,both,G0774,18,0.0,21.475,skylight_roof_window,v3c_G0774_p0015,0.8802
v4_2_G0774_p0019,v4_2,both,G0774,19,0.0,27.048,skylight_roof_window,v3c_G0774_p0014,0.6733
v4_2_G0774_p0020,v4_2,both,G0774,20,0.0,22.351,skylight_roof_window,v3c_G0774_p0016,0.8799
v4_2_G0774_p0022,v4_2,both,G0774,22,0.0,23.864,skylight_roof_window,v3c_G0774_p0017,0.8524
v4_2_G0774_p0023,v4_2,both,G0774,23,0.0,18.052,skylight_roof_window,v3c_G0774_p0018,0.9206
v4_2_G0774_p0024,v4_2,both,G0774,24,0.0,2507.873,actually_pv_mislabeled,v3c_G0774_p0019,0.9544
v4_2_G0774_p0026,v4_2,both,G0774,26,0.0,23.028,actually_pv_mislabeled,v3c_G0774_p0020,0.9119
v4_2_G0774_p0027,v4_2,both,G0774,27,0.0,10.827,actually_pv_mislabeled,v3c_G0774_p0021,0.7761
v4_2_G0774_p0028,v4_2,both,G0774,28,0.0,456.939,corrugated_metal_roof,v3c_G0774_p0022,0.2692
v4_2_G0774_p0033,v4_2,both,G0774,33,0.0,20.799,skylight_roof_window,v3c_G0774_p0025,0.9148
v4_2_G0774_p0035,v4_2,both,G0774,35,0.0,22.072,skylight_roof_window,v3c_G0774_p0026,0.8738
v4_2_G0774_p0043,v4_2,both,G0774,43,0.0,147.878,actually_pv_mislabeled,v3c_G0774_p0041,0.804
v4_2_G0774_p0044,v4_2,both,G0774,44,0.0317,4825.39,actually_pv_mislabeled,v3c_G0774_p0030,0.0382
v4_2_G0774_p0049,v4_2,both,G0774,49,0.0,92.945,roof_shadow_dark_fixture,v3c_G0774_p0047,0.8303
v4_2_G0774_p0056,v4_2,both,G0774,56,0.0,13.892,actually_pv_mislabeled,v3c_G0774_p0058,0.8269
v4_2_G0774_p0057,v4_2,both,G0774,57,0.0,224.484,actually_pv_mislabeled,v3c_G0774_p0059,0.8515
v4_2_G0774_p0058,v4_2,both,G0774,58,0.0,6.827,actually_pv_mislabeled,v3c_G0774_p0060,0.7085
v4_2_G0774_p0079,v4_2,both,G0774,79,0.0,42.393,actually_pv_mislabeled,v3c_G0774_p0086,0.867
v4_2_G0774_p0080,v4_2,both,G0774,80,0.0,21.197,actually_pv_mislabeled,v3c_G0774_p0090,0.9822
v4_2_G0774_p0083,v4_2,both,G0774,83,0.0,34.412,actually_pv_mislabeled,v3c_G0774_p0099,0.461
v4_2_G0774_p0084,v4_2,both,G0774,84,0.0,15.624,actually_pv_mislabeled,v3c_G0774_p0100,0.7975
v4_2_G0774_p0101,v4_2,both,G0774,101,0.0,70.296,hvac_rooftop_equipment,v3c_G0774_p0113,0.94
v4_2_G0774_p0109,v4_2,both,G0774,109,0.0,51.886,actually_pv_mislabeled,v3c_G0774_p0116,0.3321
v4_2_G0774_p0110,v4_2,both,G0774,110,0.0,22.888,actually_pv_mislabeled,v3c_G0774_p0119,0.6609
v4_2_G0774_p0111,v4_2,both,G0774,111,0.0,7.185,roof_shadow_dark_fixture,v3c_G0774_p0120,0.9751
v4_2_G0774_p0118,v4_2,both,G0774,118,0.0,18.907,actually_pv_mislabeled,v3c_G0774_p0123,0.7445
v4_2_G0775_p0001,v4_2,both,G0775,1,0.0,5.812,other_unknown,v3c_G0775_p0001,0.953
v4_2_G0775_p0003,v4_2,both,G0775,3,0.0,107.14,ground_road_marking,v3c_G0775_p0002,0.94
v4_2_G0775_p0006,v4_2,both,G0775,6,0.0,66.617,skylight_roof_window,v3c_G0775_p0003,0.7611
v4_2_G0775_p0007,v4_2,both,G0775,7,0.0,23.167,actually_pv_mislabeled,v3c_G0775_p0005,0.6735
v4_2_G0775_p0009,v4_2,both,G0775,9,0.0,688.774,skylight_roof_window,v3c_G0775_p0004,0.1465
v4_2_G0775_p0015,v4_2,both,G0775,15,0.0,49.341,pergola_carport_shadow,v3c_G0775_p0007,0.9823
v4_2_G0775_p0016,v4_2,both,G0775,16,0.0,49.181,pergola_carport_shadow,v3c_G0775_p0008,0.983
v4_2_G0775_p0025,v4_2,both,G0775,25,0.0,43.986,skylight_roof_window,v3c_G0775_p0011,0.74
v4_2_G0775_p0037,v4_2,both,G0775,37,0.0,6.05,corrugated_metal_roof,v3c_G0775_p0023,0.9112
v4_2_G0775_p0038,v4_2,both,G0775,38,0.0,673.953,corrugated_metal_roof,v3c_G0775_p0022,0.2756
v4_2_G0775_p0039,v4_2,both,G0775,39,0.0,22.769,actually_pv_mislabeled,v3c_G0775_p0024,0.9528
v4_2_G0775_p0041,v4_2,both,G0775,41,0.0,16.36,actually_pv_mislabeled,v3c_G0775_p0025,0.562
v4_2_G0775_p0043,v4_2,both,G0775,43,0.0,47.806,roof_shadow_dark_fixture,v3c_G0775_p0026,0.8342
v4_2_G0775_p0047,v4_2,both,G0775,47,0.0,169.193,skylight_roof_window,v3c_G0775_p0027,0.9358
v4_2_G0775_p0057,v4_2,both,G0775,57,0.0,16.001,actually_pv_mislabeled,v3c_G0775_p0033,0.8484
v4_2_G0775_p0058,v4_2,both,G0775,58,0.0,637.15,actually_pv_mislabeled,v3c_G0775_p0034,0.2979
v4_2_G0775_p0068,v4_2,both,G0775,68,0.0,43.706,pergola_carport_shadow,v3c_G0775_p0042,0.9319
v4_2_G0775_p0078,v4_2,both,G0775,78,0.0,24.798,skylight_roof_window,v3c_G0775_p0053,0.9518
v4_2_G0775_p0082,v4_2,both,G0775,82,0.0,24.48,skylight_roof_window,v3c_G0775_p0056,0.9659
v4_2_G0775_p0087,v4_2,both,G0775,87,0.0,101.739,ground_road_marking,v3c_G0775_p0065,0.9209
v4_2_G0776_p0008,v4_2,both,G0776,8,0.0,29.357,ground_road_marking,v3c_G0776_p0008,0.7064
v4_2_G0776_p0009,v4_2,both,G0776,9,0.0,29.397,ground_road_marking,v3c_G0776_p0009,0.7862
v4_2_G0776_p0010,v4_2,both,G0776,10,0.0,31.128,ground_road_marking,v3c_G0776_p0010,0.7781
v4_2_G0776_p0012,v4_2,both,G0776,12,0.0,30.949,ground_road_marking,v3c_G0776_p0011,0.7801
v4_2_G0776_p0014,v4_2,both,G0776,14,0.0,31.825,ground_road_marking,v3c_G0776_p0012,0.8413
v4_2_G0776_p0015,v4_2,both,G0776,15,0.0,29.835,ground_road_marking,v3c_G0776_p0014,0.8352
v4_2_G0776_p0016,v4_2,both,G0776,16,0.0,14.808,ground_road_marking,v3c_G0776_p0015,0.9167
v4_2_G0776_p0018,v4_2,both,G0776,18,0.0,25.336,ground_road_marking,v3c_G0776_p0016,0.8875
v4_2_G0776_p0019,v4_2,both,G0776,19,0.0,21.953,ground_road_marking,v3c_G0776_p0017,0.9576
v4_2_G0776_p0024,v4_2,both,G0776,24,0.0,4714.636,corrugated_metal_roof,v3c_G0776_p0020,0.0363
v4_2_G0776_p0026,v4_2,both,G0776,26,0.0,14.211,ground_road_marking,v3c_G0776_p0024,0.9034
v4_2_G0776_p0028,v4_2,both,G0776,28,0.0,20.162,ground_road_marking,v3c_G0776_p0025,0.9764
v4_2_G0776_p0029,v4_2,both,G0776,29,0.0,10.131,ground_road_marking,v3c_G0776_p0026,0.965
v4_2_G0814_p0006,v4_2,both,G0814,6,0.0,49.901,actually_pv_mislabeled,v3c_G0814_p0003,0.9431
v4_2_G0814_p0010,v4_2,both,G0814,10,0.0,46.496,corrugated_metal_roof,v3c_G0814_p0005,0.9264
v4_2_G0814_p0017,v4_2,both,G0814,17,0.0,13.814,pergola_carport_shadow,v3c_G0814_p0009,0.9524
v4_2_G0814_p0019,v4_2,both,G0814,19,0.0,272.913,hvac_rooftop_equipment,v3c_G0814_p0011,0.9405
v4_2_G0814_p0021,v4_2,both,G0814,21,0.0,22.91,pergola_carport_shadow,v3c_G0814_p0013,0.9229
v4_2_G0814_p0026,v4_2,both,G0814,26,0.0,37.221,pergola_carport_shadow,v3c_G0814_p0014,0.9251
v4_2_G0814_p0027,v4_2,both,G0814,27,0.0,39.749,pergola_carport_shadow,v3c_G0814_p0015,0.977
v4_2_G0814_p0028,v4_2,both,G0814,28,0.0,31.628,skylight_roof_window,v3c_G0814_p0016,0.9541
v4_2_G0814_p0029,v4_2,both,G0814,29,0.0,16.162,actually_pv_mislabeled,v3c_G0814_p0017,0.7893
v4_2_G0814_p0030,v4_2,both,G0814,30,0.0,22.173,actually_pv_mislabeled,v3c_G0814_p0018,0.7471
v4_2_G0814_p0031,v4_2,both,G0814,31,0.0,55.692,actually_pv_mislabeled,v3c_G0814_p0019,0.875
v4_2_G0814_p0032,v4_2,both,G0814,32,0.0,21.894,pergola_carport_shadow,v3c_G0814_p0021,0.9729
v4_2_G0814_p0036,v4_2,both,G0814,36,0.0,8.758,actually_pv_mislabeled,v3c_G0814_p0023,0.7205
v4_2_G0814_p0043,v4_2,both,G0814,43,0.0,26.114,skylight_roof_window,v3c_G0814_p0026,0.9391
v4_2_G0814_p0059,v4_2,both,G0814,59,0.0,57.324,pergola_carport_shadow,v3c_G0814_p0037,0.8669
v4_2_G0814_p0072,v4_2,both,G0814,72,0.0,58.596,pergola_carport_shadow,v3c_G0814_p0047,0.9257
v4_2_G0814_p0077,v4_2,both,G0814,77,0.0,52.764,other_unknown,v3c_G0814_p0052,0.9363
v4_2_G0814_p0089,v4_2,both,G0814,89,0.0499,239.16,solar_thermal_water_heater,v3c_G0814_p0061,0.1386
v4_2_G0814_p0109,v4_2,both,G0814,109,0.0,5348.627,corrugated_metal_roof,v3c_G0814_p0074,0.0149
v4_2_G0814_p0113,v4_2,both,G0814,113,0.0,23.267,skylight_roof_window,v3c_G0814_p0077,0.9162
v4_2_G0814_p0117,v4_2,both,G0814,117,0.0,100.731,ground_road_marking,v3c_G0814_p0081,0.8267
v4_2_G0815_p0001,v4_2,both,G0815,1,0.0,15.765,roof_shadow_dark_fixture,v3c_G0815_p0000,0.9471
v4_2_G0815_p0002,v4_2,both,G0815,2,0.0,14.232,actually_pv_mislabeled,v3c_G0815_p0001,0.8847
v4_2_G0815_p0011,v4_2,both,G0815,11,0.0,209.338,corrugated_metal_roof,v3c_G0815_p0011,0.9143
v4_2_G0815_p0019,v4_2,both,G0815,19,0.0,37.142,actually_pv_mislabeled,v3c_G0815_p0016,0.7615
v4_2_G0815_p0022,v4_2,both,G0815,22,0.0,11.306,actually_pv_mislabeled,v3c_G0815_p0018,0.7482
v4_2_G0815_p0025,v4_2,both,G0815,25,0.0,151.173,ground_road_marking,v3c_G0815_p0020,0.9734
v4_2_G0815_p0031,v4_2,both,G0815,31,0.0,110.589,ground_road_marking,v3c_G0815_p0026,0.8947
v4_2_G0815_p0036,v4_2,both,G0815,36,0.0,79.676,other_unknown,v3c_G0815_p0031,0.8111
v4_2_G0815_p0040,v4_2,both,G0815,40,0.0,833.938,corrugated_metal_roof,v3c_G0815_p0034,0.1164
v4_2_G0815_p0043,v4_2,both,G0815,43,0.0,14.649,actually_pv_mislabeled,v3c_G0815_p0036,0.6744
v4_2_G0815_p0058,v4_2,both,G0815,58,0.0,57.621,actually_pv_mislabeled,v3c_G0815_p0039,0.788
v4_2_G0815_p0060,v4_2,both,G0815,60,0.0,1830.108,corrugated_metal_roof,v3c_G0815_p0040,0.4058
v4_2_G0815_p0061,v4_2,both,G0815,61,0.0,12.5,actually_pv_mislabeled,v3c_G0815_p0041,0.9841
v4_2_G0815_p0062,v4_2,both,G0815,62,0.0957,5.573,actually_pv_mislabeled,v3c_G0815_p0042,0.8429
v4_2_G0815_p0075,v4_2,both,G0815,75,0.0,20.879,actually_pv_mislabeled,v3c_G0815_p0046,0.7835
v4_2_G0815_p0077,v4_2,both,G0815,77,0.0,16.52,skylight_roof_window,v3c_G0815_p0048,0.7719
v4_2_G0815_p0078,v4_2,both,G0815,78,0.0,24.262,actually_pv_mislabeled,v3c_G0815_p0049,0.8869
v4_2_G0815_p0079,v4_2,both,G0815,79,0.0,19.684,skylight_roof_window,v3c_G0815_p0050,0.6784
v4_2_G0816_p0000,v4_2,both,G0816,0,0.0,35.869,corrugated_metal_roof,v3c_G0816_p0000,0.8074
v4_2_G0816_p0005,v4_2,both,G0816,5,0.0,84.376,actually_pv_mislabeled,v3c_G0816_p0006,0.7983
v4_2_G0816_p0010,v4_2,both,G0816,10,0.0,97.574,skylight_roof_window,v3c_G0816_p0010,0.9046
v4_2_G0816_p0015,v4_2,both,G0816,15,0.0,1039.188,skylight_roof_window,v3c_G0816_p0011,0.5548
v4_2_G0816_p0025,v4_2,both,G0816,25,0.0,20.601,roof_shadow_dark_fixture,v3c_G0816_p0020,0.9034
v4_2_G0816_p0028,v4_2,both,G0816,28,0.0,39.391,skylight_roof_window,v3c_G0816_p0022,0.3452
v4_2_G0816_p0029,v4_2,both,G0816,29,0.0,41.8,skylight_roof_window,v3c_G0816_p0023,0.8739
v4_2_G0816_p0033,v4_2,both,G0816,33,0.0,116.543,skylight_roof_window,v3c_G0816_p0024,0.9353
v4_2_G0816_p0034,v4_2,both,G0816,34,0.0,80.117,skylight_roof_window,v3c_G0816_p0025,0.9473
v4_2_G0816_p0036,v4_2,both,G0816,36,0.0,105.574,corrugated_metal_roof,v3c_G0816_p0026,0.8817
v4_2_G0816_p0045,v4_2,both,G0816,45,0.0,1284.171,ground_road_marking,v3c_G0816_p0033,0.1996
v4_2_G0816_p0048,v4_2,both,G0816,48,0.0,56.728,hvac_rooftop_equipment,v3c_G0816_p0034,0.8478
v4_2_G0816_p0056,v4_2,both,G0816,56,0.0,27.189,actually_pv_mislabeled,v3c_G0816_p0035,0.6859
v4_2_G0816_p0065,v4_2,both,G0816,65,0.0533,1767.289,skylight_roof_window,v3c_G0816_p0037,0.4225
v4_2_G0816_p0067,v4_2,both,G0816,67,0.0,151.055,skylight_roof_window,v3c_G0816_p0040,0.2794
v4_2_G0816_p0072,v4_2,both,G0816,72,0.0,304.654,skylight_roof_window,v3c_G0816_p0041,0.8477
v4_2_G0816_p0075,v4_2,both,G0816,75,0.0,364.818,corrugated_metal_roof,v3c_G0816_p0044,0.6466
v4_2_G0816_p0077,v4_2,both,G0816,77,0.0,5.056,other_unknown,v3c_G0816_p0045,0.6233
v4_2_G0816_p0084,v4_2,both,G0816,84,0.0,14.271,hvac_rooftop_equipment,v3c_G0816_p0048,0.6834
v4_2_G0816_p0085,v4_2,both,G0816,85,0.0,1666.946,actually_pv_mislabeled,v3c_G0816_p0050,0.1554
v4_2_G0816_p0086,v4_2,both,G0816,86,0.0,360.02,pergola_carport_shadow,v3c_G0816_p0049,0.752
v4_2_G0816_p0096,v4_2,both,G0816,96,0.0,67.654,skylight_roof_window,v3c_G0816_p0057,0.9803
v4_2_G0816_p0098,v4_2,both,G0816,98,0.0,24.482,actually_pv_mislabeled,v3c_G0816_p0060,0.6539
v4_2_G0816_p0105,v4_2,both,G0816,105,0.0,249.631,ground_road_marking,v3c_G0816_p0073,0.9399
v4_2_G0817_p0000,v4_2,both,G0817,0,0.0,124.007,skylight_roof_window,v3c_G0817_p0000,0.8842
v4_2_G0817_p0001,v4_2,both,G0817,1,0.0,82.127,skylight_roof_window,v3c_G0817_p0001,0.9286
v4_2_G0817_p0012,v4_2,both,G0817,12,0.0,30.176,actually_pv_mislabeled,v3c_G0817_p0009,0.8385
v4_2_G0817_p0013,v4_2,both,G0817,13,0.0,19.746,actually_pv_mislabeled,v3c_G0817_p0010,0.755
v4_2_G0817_p0021,v4_2,both,G0817,21,0.0,20.84,actually_pv_mislabeled,v3c_G0817_p0023,0.7657
v4_2_G0817_p0023,v4_2,both,G0817,23,0.0,49.622,skylight_roof_window,v3c_G0817_p0024,0.9559
v4_2_G0817_p0029,v4_2,both,G0817,29,0.0,20.422,pergola_carport_shadow,v3c_G0817_p0025,0.8967
v4_2_G0817_p0030,v4_2,both,G0817,30,0.0,368.612,skylight_roof_window,v3c_G0817_p0027,0.9364
v4_2_G0817_p0031,v4_2,both,G0817,31,0.0,1888.545,actually_pv_mislabeled,v3c_G0817_p0026,0.3987
v4_2_G0817_p0032,v4_2,both,G0817,32,0.0,18.511,skylight_roof_window,v3c_G0817_p0028,0.9763
v4_2_G0817_p0033,v4_2,both,G0817,33,0.0,19.367,roof_shadow_dark_fixture,v3c_G0817_p0029,0.9846
v4_2_G0817_p0037,v4_2,both,G0817,37,0.0108,3496.002,actually_pv_mislabeled,v3c_G0817_p0038,0.4085
v4_2_G0817_p0042,v4_2,both,G0817,42,0.0,248.305,corrugated_metal_roof,v3c_G0817_p0042,0.8805
v4_2_G0817_p0044,v4_2,both,G0817,44,0.0,89.53,actually_pv_mislabeled,v3c_G0817_p0043,0.3262
v4_2_G0817_p0046,v4_2,both,G0817,46,0.0,19.168,skylight_roof_window,v3c_G0817_p0044,0.9003
v4_2_G0817_p0053,v4_2,both,G0817,53,0.0,42.276,skylight_roof_window,v3c_G0817_p0047,0.9454
v4_2_G0817_p0055,v4_2,both,G0817,55,0.0,23.268,actually_pv_mislabeled,v3c_G0817_p0049,0.6726
v4_2_G0817_p0060,v4_2,both,G0817,60,0.0,27.109,actually_pv_mislabeled,v3c_G0817_p0055,0.3686
v4_2_G0817_p0066,v4_2,both,G0817,66,0.0,246.191,corrugated_metal_roof,v3c_G0817_p0057,0.2594
v4_2_G0817_p0067,v4_2,both,G0817,67,0.0,1975.733,corrugated_metal_roof,v3c_G0817_p0058,0.0926
v4_2_G0817_p0068,v4_2,both,G0817,68,0.0,18.969,actually_pv_mislabeled,v3c_G0817_p0059,0.8595
v4_2_G0817_p0070,v4_2,both,G0817,70,0.0,15.505,actually_pv_mislabeled,v3c_G0817_p0060,0.7137
v4_2_G0817_p0082,v4_2,both,G0817,82,0.0337,1119.357,actually_pv_mislabeled,v3c_G0817_p0068,0.3983
v4_2_G0818_p0000,v4_2,both,G0818,0,0.0,395.375,hvac_rooftop_equipment,v3c_G0818_p0000,0.924
v4_2_G0818_p0009,v4_2,both,G0818,9,0.0,10.132,actually_pv_mislabeled,v3c_G0818_p0007,0.8212
v4_2_G0818_p0014,v4_2,both,G0818,14,0.0,127.052,corrugated_metal_roof,v3c_G0818_p0013,0.8853
v4_2_G0818_p0016,v4_2,both,G0818,16,0.0,28.046,roof_shadow_dark_fixture,v3c_G0818_p0014,0.7551
v4_2_G0818_p0017,v4_2,both,G0818,17,0.0,80.834,actually_pv_mislabeled,v3c_G0818_p0015,0.2775
v4_2_G0818_p0019,v4_2,both,G0818,19,0.0,31.908,actually_pv_mislabeled,v3c_G0818_p0016,0.8831
v4_2_G0818_p0029,v4_2,both,G0818,29,0.0,62.62,corrugated_metal_roof,v3c_G0818_p0021,0.8989
v4_2_G0818_p0037,v4_2,both,G0818,37,0.0505,16.162,actually_pv_mislabeled,v3c_G0818_p0027,0.4397
v4_2_G0818_p0041,v4_2,both,G0818,41,0.0,28.284,corrugated_metal_roof,v3c_G0818_p0029,0.962
v4_2_G0818_p0046,v4_2,both,G0818,46,0.0,6.091,other_unknown,v3c_G0818_p0032,0.8241
v4_2_G0818_p0050,v4_2,both,G0818,50,0.0,245.418,corrugated_metal_roof,v3c_G0818_p0037,0.9132
v4_2_G0818_p0067,v4_2,both,G0818,67,0.0,29.438,ground_road_marking,v3c_G0818_p0049,0.8099
v4_2_G0853_p0005,v4_2,both,G0853,5,0.0,23.27,skylight_roof_window,v3c_G0853_p0003,0.9411
v4_2_G0853_p0006,v4_2,both,G0853,6,0.0,72.079,skylight_roof_window,v3c_G0853_p0004,0.5091
v4_2_G0853_p0008,v4_2,both,G0853,8,0.0,29.52,actually_pv_mislabeled,v3c_G0853_p0006,0.6109
v4_2_G0853_p0018,v4_2,both,G0853,18,0.0,19.268,other_unknown,v3c_G0853_p0011,0.8887
v4_2_G0853_p0019,v4_2,both,G0853,19,0.0,45.643,corrugated_metal_roof,v3c_G0853_p0012,0.7732
v4_2_G0853_p0020,v4_2,both,G0853,20,0.0,36.746,skylight_roof_window,v3c_G0853_p0013,0.9649
v4_2_G0853_p0021,v4_2,both,G0853,21,0.0,35.512,skylight_roof_window,v3c_G0853_p0014,0.9787
v4_2_G0853_p0022,v4_2,both,G0853,22,0.0,35.572,skylight_roof_window,v3c_G0853_p0015,0.9855
v4_2_G0853_p0023,v4_2,both,G0853,23,0.0,89.297,skylight_roof_window,v3c_G0853_p0018,0.4102
v4_2_G0853_p0024,v4_2,both,G0853,24,0.0,82.469,skylight_roof_window,v3c_G0853_p0020,0.4347
v4_2_G0853_p0026,v4_2,both,G0853,26,0.0,348.407,corrugated_metal_roof,v3c_G0853_p0023,0.8592
v4_2_G0853_p0028,v4_2,both,G0853,28,0.0,13.993,roof_shadow_dark_fixture,v3c_G0853_p0024,0.8649
v4_2_G0853_p0030,v4_2,both,G0853,30,0.0,14.73,actually_pv_mislabeled,v3c_G0853_p0025,0.7162
v4_2_G0853_p0031,v4_2,both,G0853,31,0.0,19.507,actually_pv_mislabeled,v3c_G0853_p0026,0.5574
v4_2_G0853_p0032,v4_2,both,G0853,32,0.0,75.541,corrugated_metal_roof,v3c_G0853_p0027,0.9397
v4_2_G0853_p0033,v4_2,both,G0853,33,0.0,15.745,skylight_roof_window,v3c_G0853_p0028,0.947
v4_2_G0853_p0040,v4_2,both,G0853,40,0.0,309.168,corrugated_metal_roof,v3c_G0853_p0033,0.078
v4_2_G0853_p0042,v4_2,both,G0853,42,0.0,34.018,corrugated_metal_roof,v3c_G0853_p0034,0.938
v4_2_G0853_p0046,v4_2,both,G0853,46,0.0,24.841,actually_pv_mislabeled,v3c_G0853_p0036,0.621
v4_2_G0853_p0047,v4_2,both,G0853,47,0.0,18.77,pergola_carport_shadow,v3c_G0853_p0037,0.9353
v4_2_G0853_p0048,v4_2,both,G0853,48,0.0,118.394,corrugated_metal_roof,v3c_G0853_p0038,0.9546
v4_2_G0853_p0061,v4_2,both,G0853,61,0.0,268.136,hvac_rooftop_equipment,v3c_G0853_p0046,0.9432
v4_2_G0854_p0006,v4_2,both,G0854,6,0.0,36.548,hvac_rooftop_equipment,v3c_G0854_p0007,0.9486
v4_2_G0854_p0020,v4_2,both,G0854,20,0.0,30.634,skylight_roof_window,v3c_G0854_p0015,0.9779
v4_2_G0854_p0031,v4_2,both,G0854,31,0.0,119.213,skylight_roof_window,v3c_G0854_p0017,0.3582
v4_2_G0854_p0032,v4_2,both,G0854,32,0.0,45.742,corrugated_metal_roof,v3c_G0854_p0018,0.9534
v4_2_G0854_p0033,v4_2,both,G0854,33,0.0,44.727,corrugated_metal_roof,v3c_G0854_p0019,0.9693
v4_2_G0854_p0038,v4_2,both,G0854,38,0.0,32.804,corrugated_metal_roof,v3c_G0854_p0021,0.7856
v4_2_G0854_p0049,v4_2,both,G0854,49,0.0,60.114,corrugated_metal_roof,v3c_G0854_p0022,0.7328
v4_2_G0854_p0053,v4_2,both,G0854,53,0.0,35.491,other_unknown,v3c_G0854_p0023,0.8873
v4_2_G0854_p0056,v4_2,both,G0854,56,0.0,17.317,actually_pv_mislabeled,v3c_G0854_p0024,0.6632
v4_2_G0854_p0065,v4_2,both,G0854,65,0.018,686.672,actually_pv_mislabeled,v3c_G0854_p0034,0.5094
v4_2_G0855_p0006,v4_2,both,G0855,6,0.0,115.059,roof_shadow_dark_fixture,v3c_G0855_p0004,0.8301
v4_2_G0855_p0007,v4_2,both,G0855,7,0.0,27.65,skylight_roof_window,v3c_G0855_p0005,0.8942
v4_2_G0855_p0009,v4_2,both,G0855,9,0.0,56.852,skylight_roof_window,v3c_G0855_p0007,0.9356
v4_2_G0855_p0023,v4_2,both,G0855,23,0.0,18.732,skylight_roof_window,v3c_G0855_p0016,0.9342
v4_2_G0855_p0027,v4_2,both,G0855,27,0.0,267.222,hvac_rooftop_equipment,v3c_G0855_p0017,0.4947
v4_2_G0855_p0030,v4_2,both,G0855,30,0.0,446.531,skylight_roof_window,v3c_G0855_p0018,0.3477
v4_2_G0855_p0039,v4_2,both,G0855,39,0.0,169.34,skylight_roof_window,v3c_G0855_p0020,0.4446
v4_2_G0855_p0042,v4_2,both,G0855,42,0.0,371.801,ground_road_marking,v3c_G0855_p0021,0.8729
v4_2_G0855_p0044,v4_2,both,G0855,44,0.0,200.569,skylight_roof_window,v3c_G0855_p0022,0.4821
v4_2_G0855_p0068,v4_2,both,G0855,68,0.0,22.811,actually_pv_mislabeled,v3c_G0855_p0041,0.8778
v4_2_G0855_p0070,v4_2,both,G0855,70,0.0,34.595,corrugated_metal_roof,v3c_G0855_p0042,0.8964
v4_2_G0855_p0082,v4_2,both,G0855,82,0.0,25.697,actually_pv_mislabeled,v3c_G0855_p0053,0.9589
v4_2_G0856_p0000,v4_2,both,G0856,0,0.0,50.403,corrugated_metal_roof,v3c_G0856_p0000,0.7313
v4_2_G0856_p0003,v4_2,both,G0856,3,0.0,897.348,skylight_roof_window,v3c_G0856_p0001,0.2038
v4_2_G0856_p0015,v4_2,both,G0856,15,0.0,39.175,skylight_roof_window,v3c_G0856_p0006,0.9681
v4_2_G0856_p0018,v4_2,both,G0856,18,0.0,32.407,skylight_roof_window,v3c_G0856_p0007,0.8791
v4_2_G0856_p0025,v4_2,both,G0856,25,0.0,130.603,hvac_rooftop_equipment,v3c_G0856_p0013,0.9298
v4_2_G0856_p0029,v4_2,both,G0856,29,0.0,46.917,skylight_roof_window,v3c_G0856_p0018,0.5274
v4_2_G0856_p0033,v4_2,both,G0856,33,0.0,145.647,roof_shadow_dark_fixture,v3c_G0856_p0019,0.281
v4_2_G0856_p0037,v4_2,both,G0856,37,0.0,360.585,roof_shadow_dark_fixture,v3c_G0856_p0021,0.6462
v4_2_G0856_p0038,v4_2,both,G0856,38,0.0,218.321,roof_shadow_dark_fixture,v3c_G0856_p0022,0.4493
v4_2_G0856_p0041,v4_2,both,G0856,41,0.0,26.255,actually_pv_mislabeled,v3c_G0856_p0023,0.7255
v4_2_G0856_p0046,v4_2,both,G0856,46,0.0,29.361,skylight_roof_window,v3c_G0856_p0025,0.7092
v4_2_G0856_p0047,v4_2,both,G0856,47,0.0,150.305,skylight_roof_window,v3c_G0856_p0026,0.4153
v4_2_G0856_p0048,v4_2,both,G0856,48,0.0,139.914,roof_shadow_dark_fixture,v3c_G0856_p0027,0.7655
v4_2_G0856_p0049,v4_2,both,G0856,49,0.0,21.219,other_unknown,v3c_G0856_p0028,0.9428
v4_2_G0856_p0062,v4_2,both,G0856,62,0.0,33.5,actually_pv_mislabeled,v3c_G0856_p0036,0.4813
v4_2_G0857_p0000,v4_2,both,G0857,0,0.0,62.686,corrugated_metal_roof,v3c_G0857_p0000,0.8632
v4_2_G0857_p0001,v4_2,both,G0857,1,0.0,55.977,corrugated_metal_roof,v3c_G0857_p0001,0.9688
v4_2_G0857_p0002,v4_2,both,G0857,2,0.0,55.34,corrugated_metal_roof,v3c_G0857_p0002,0.9789
v4_2_G0857_p0007,v4_2,both,G0857,7,0.0,18.334,actually_pv_mislabeled,v3c_G0857_p0006,0.7838
v4_2_G0857_p0008,v4_2,both,G0857,8,0.0,40.53,ground_road_marking,v3c_G0857_p0007,0.943
v4_2_G0857_p0012,v4_2,both,G0857,12,0.0,7.843,solar_thermal_water_heater,v3c_G0857_p0009,0.9467
v4_2_G0857_p0013,v4_2,both,G0857,13,0.0,10.033,corrugated_metal_roof,v3c_G0857_p0010,0.6362
v4_2_G0857_p0018,v4_2,both,G0857,18,0.0,203.1,solar_thermal_water_heater,v3c_G0857_p0019,0.957
v4_2_G0857_p0019,v4_2,both,G0857,19,0.0,346.859,corrugated_metal_roof,v3c_G0857_p0020,0.8553
v4_2_G0857_p0032,v4_2,both,G0857,32,0.0,23.131,hvac_rooftop_equipment,v3c_G0857_p0025,0.8003
v4_2_G0857_p0033,v4_2,both,G0857,33,0.0,99.37,ground_road_marking,v3c_G0857_p0026,0.9047
v4_2_G0857_p0034,v4_2,both,G0857,34,0.0,57.23,actually_pv_mislabeled,v3c_G0857_p0027,0.8507
v4_2_G0857_p0044,v4_2,both,G0857,44,0.0,9.833,skylight_roof_window,v3c_G0857_p0031,0.8968
v4_2_G0857_p0045,v4_2,both,G0857,45,0.0,14.611,skylight_roof_window,v3c_G0857_p0033,0.5902
v4_2_G0857_p0048,v4_2,both,G0857,48,0.0,17.079,skylight_roof_window,v3c_G0857_p0035,0.8392
v4_2_G0857_p0050,v4_2,both,G0857,50,0.0,351.752,corrugated_metal_roof,v3c_G0857_p0037,0.8726
v4_2_G0857_p0051,v4_2,both,G0857,51,0.0,280.169,corrugated_metal_roof,v3c_G0857_p0038,0.8649
v4_2_G0857_p0055,v4_2,both,G0857,55,0.0,104.763,corrugated_metal_roof,v3c_G0857_p0041,0.9063
v4_2_G0857_p0056,v4_2,both,G0857,56,0.0,16.143,actually_pv_mislabeled,v3c_G0857_p0042,0.7774
v4_2_G0857_p0067,v4_2,both,G0857,67,0.0,21.299,actually_pv_mislabeled,v3c_G0857_p0044,0.9391
v4_2_G0857_p0068,v4_2,both,G0857,68,0.0,19.925,actually_pv_mislabeled,v3c_G0857_p0045,0.9171
v4_2_G0857_p0069,v4_2,both,G0857,69,0.0,108.106,corrugated_metal_roof,v3c_G0857_p0046,0.932
v4_2_G0857_p0070,v4_2,both,G0857,70,0.0,23.986,actually_pv_mislabeled,v3c_G0857_p0047,0.8822
v4_2_G0857_p0076,v4_2,both,G0857,76,0.0,541.996,hvac_rooftop_equipment,v3c_G0857_p0048,0.872
v4_2_G0857_p0082,v4_2,both,G0857,82,0.0,235.103,corrugated_metal_roof,v3c_G0857_p0052,0.9308
v4_2_G0857_p0083,v4_2,both,G0857,83,0.0,407.421,skylight_roof_window,v3c_G0857_p0054,0.281
v4_2_G0888_p0003,v4_2,both,G0888,3,0.0,224.992,hvac_rooftop_equipment,v3c_G0888_p0005,0.6658
v4_2_G0888_p0006,v4_2,both,G0888,6,0.0,737.495,roof_shadow_dark_fixture,v3c_G0888_p0009,0.0336
v4_2_G0888_p0011,v4_2,both,G0888,11,0.0,36.232,pergola_carport_shadow,v3c_G0888_p0017,0.7644
v4_2_G0888_p0017,v4_2,both,G0888,17,0.0,52.914,corrugated_metal_roof,v3c_G0888_p0022,0.7963
v4_2_G0888_p0019,v4_2,both,G0888,19,0.0,25.024,hvac_rooftop_equipment,v3c_G0888_p0025,0.9476
v4_2_G0888_p0021,v4_2,both,G0888,21,0.0,20.405,skylight_roof_window,v3c_G0888_p0026,0.8377
v4_2_G0888_p0022,v4_2,both,G0888,22,0.0,200.148,corrugated_metal_roof,v3c_G0888_p0027,0.9687
v4_2_G0888_p0023,v4_2,both,G0888,23,0.0,158.442,corrugated_metal_roof,v3c_G0888_p0028,0.9478
v4_2_G0888_p0039,v4_2,both,G0888,39,0.0,11.725,corrugated_metal_roof,v3c_G0888_p0038,0.8289
v4_2_G0888_p0040,v4_2,both,G0888,40,0.0,134.076,corrugated_metal_roof,v3c_G0888_p0039,0.9715
v4_2_G0888_p0041,v4_2,both,G0888,41,0.0,27.193,pergola_carport_shadow,v3c_G0888_p0040,0.858
v4_2_G0888_p0046,v4_2,both,G0888,46,0.0,12.581,roof_shadow_dark_fixture,v3c_G0888_p0044,0.894
v4_2_G0888_p0048,v4_2,both,G0888,48,0.0,214.479,corrugated_metal_roof,v3c_G0888_p0046,0.882
v4_2_G0888_p0052,v4_2,both,G0888,52,0.0,19.787,corrugated_metal_roof,v3c_G0888_p0049,0.9275
v4_2_G0888_p0055,v4_2,both,G0888,55,0.0,135.545,corrugated_metal_roof,v3c_G0888_p0050,0.9326
v4_2_G0888_p0057,v4_2,both,G0888,57,0.0,117.309,corrugated_metal_roof,v3c_G0888_p0051,0.9697
v4_2_G0888_p0061,v4_2,both,G0888,61,0.0,36.747,solar_thermal_water_heater,v3c_G0888_p0052,0.6696
v4_2_G0888_p0064,v4_2,both,G0888,64,0.0,52.493,actually_pv_mislabeled,v3c_G0888_p0053,0.8062
v4_2_G0889_p0002,v4_2,both,G0889,2,0.0,13.617,pergola_carport_shadow,v3c_G0889_p0000,0.9299
v4_2_G0889_p0003,v4_2,both,G0889,3,0.0714,1325.424,actually_pv_mislabeled,v3c_G0889_p0004,0.7217
v4_2_G0889_p0004,v4_2,both,G0889,4,0.0,22.078,roof_shadow_dark_fixture,v3c_G0889_p0005,0.7159
v4_2_G0889_p0013,v4_2,both,G0889,13,0.0302,1308.538,actually_pv_mislabeled,v3c_G0889_p0013,0.2812
v4_2_G0889_p0016,v4_2,both,G0889,16,0.0,8.899,solar_thermal_water_heater,v3c_G0889_p0014,0.7867
v4_2_G0889_p0020,v4_2,both,G0889,20,0.0,162.98,pergola_carport_shadow,v3c_G0889_p0015,0.9039
v4_2_G0889_p0021,v4_2,both,G0889,21,0.0,148.766,skylight_roof_window,v3c_G0889_p0016,0.9805
v4_2_G0889_p0022,v4_2,both,G0889,22,0.0,36.171,skylight_roof_window,v3c_G0889_p0017,0.8707
v4_2_G0889_p0023,v4_2,both,G0889,23,0.0,35.494,skylight_roof_window,v3c_G0889_p0018,0.9692
v4_2_G0889_p0036,v4_2,both,G0889,36,0.0,9.934,other_unknown,v3c_G0889_p0027,0.98
v4_2_G0889_p0040,v4_2,both,G0889,40,0.0,70.788,hvac_rooftop_equipment,v3c_G0889_p0031,0.7919
v4_2_G0889_p0043,v4_2,both,G0889,43,0.0,68.321,roof_shadow_dark_fixture,v3c_G0889_p0033,0.9305
v4_2_G0889_p0044,v4_2,both,G0889,44,0.0,239.48,pergola_carport_shadow,v3c_G0889_p0034,0.6736
v4_2_G0889_p0053,v4_2,both,G0889,53,0.0,92.267,ground_road_marking,v3c_G0889_p0043,0.9398
v4_2_G0889_p0055,v4_2,both,G0889,55,0.0,24.186,skylight_roof_window,v3c_G0889_p0046,0.9252
v4_2_G0889_p0059,v4_2,both,G0889,59,0.0,38.739,skylight_roof_window,v3c_G0889_p0048,0.9101
v4_2_G0889_p0060,v4_2,both,G0889,60,0.0,467.57,other_unknown,v3c_G0889_p0050,0.5111
v4_2_G0889_p0061,v4_2,both,G0889,61,0.0,8.162,other_unknown,v3c_G0889_p0049,0.9732
v4_2_G0889_p0062,v4_2,both,G0889,62,0.0,71.027,skylight_roof_window,v3c_G0889_p0052,0.4123
v4_2_G0889_p0065,v4_2,both,G0889,65,0.0,35.215,skylight_roof_window,v3c_G0889_p0059,0.9124
v4_2_G0889_p0067,v4_2,both,G0889,67,0.0,89.957,ground_road_marking,v3c_G0889_p0062,0.9607
v4_2_G0889_p0073,v4_2,both,G0889,73,0.0,29.78,actually_pv_mislabeled,v3c_G0889_p0076,0.8454
v4_2_G0890_p0001,v4_2,both,G0890,1,0.0,259.874,ground_road_marking,v3c_G0890_p0007,0.9858
v4_2_G0890_p0003,v4_2,both,G0890,3,0.0,263.835,ground_road_marking,v3c_G0890_p0009,0.9846
v4_2_G0890_p0006,v4_2,both,G0890,6,0.0,29.125,roof_shadow_dark_fixture,v3c_G0890_p0010,0.8811
v4_2_G0890_p0010,v4_2,both,G0890,10,0.0,26.516,skylight_roof_window,v3c_G0890_p0015,0.9722
v4_2_G0890_p0011,v4_2,both,G0890,11,0.0,224.851,pergola_carport_shadow,v3c_G0890_p0016,0.954
v4_2_G0890_p0012,v4_2,both,G0890,12,0.0,68.799,pergola_carport_shadow,v3c_G0890_p0017,0.9205
v4_2_G0890_p0013,v4_2,both,G0890,13,0.0,224.014,pergola_carport_shadow,v3c_G0890_p0018,0.9711
v4_2_G0890_p0018,v4_2,both,G0890,18,0.0,50.744,corrugated_metal_roof,v3c_G0890_p0020,0.9197
v4_2_G0890_p0037,v4_2,both,G0890,37,0.0,69.375,pergola_carport_shadow,v3c_G0890_p0041,0.4215
v4_2_G0890_p0050,v4_2,both,G0890,50,0.0,549.048,roof_shadow_dark_fixture,v3c_G0890_p0064,0.2403
v4_2_G0890_p0055,v4_2,both,G0890,55,0.0,1812.273,corrugated_metal_roof,v3c_G0890_p0067,0.7886
v4_2_G0890_p0057,v4_2,both,G0890,57,0.0,224.132,ground_road_marking,v3c_G0890_p0069,0.8674
v4_2_G0890_p0061,v4_2,both,G0890,61,0.0,17.02,roof_shadow_dark_fixture,v3c_G0890_p0072,0.8421
v4_2_G0890_p0065,v4_2,both,G0890,65,0.0,76.899,hvac_rooftop_equipment,v3c_G0890_p0073,0.2071
v4_2_G0890_p0071,v4_2,both,G0890,71,0.0,115.557,roof_shadow_dark_fixture,v3c_G0890_p0076,0.8169
v4_2_G0891_p0000,v4_2,both,G0891,0,0.0,15.827,solar_thermal_water_heater,v3c_G0891_p0000,0.9447
v4_2_G0891_p0004,v4_2,both,G0891,4,0.0,15.449,solar_thermal_water_heater,v3c_G0891_p0001,0.9591
v4_2_G0891_p0006,v4_2,both,G0891,6,0.0,97.25,skylight_roof_window,v3c_G0891_p0003,0.6908
v4_2_G0891_p0009,v4_2,both,G0891,9,0.0,27.433,skylight_roof_window,v3c_G0891_p0004,0.9226
v4_2_G0891_p0010,v4_2,both,G0891,10,0.0,39.019,skylight_roof_window,v3c_G0891_p0005,0.8835
v4_2_G0891_p0011,v4_2,both,G0891,11,0.0,40.372,pergola_carport_shadow,v3c_G0891_p0006,0.9364
v4_2_G0891_p0012,v4_2,both,G0891,12,0.0,41.586,pergola_carport_shadow,v3c_G0891_p0008,0.9229
v4_2_G0891_p0014,v4_2,both,G0891,14,0.0,34.679,skylight_roof_window,v3c_G0891_p0009,0.9285
v4_2_G0891_p0036,v4_2,both,G0891,36,0.0,118.865,roof_shadow_dark_fixture,v3c_G0891_p0022,0.8655
v4_2_G0891_p0041,v4_2,both,G0891,41,0.0,211.151,corrugated_metal_roof,v3c_G0891_p0024,0.4602
v4_2_G0891_p0051,v4_2,both,G0891,51,0.0,56.455,pergola_carport_shadow,v3c_G0891_p0027,0.9603
v4_2_G0891_p0052,v4_2,both,G0891,52,0.0,62.029,pergola_carport_shadow,v3c_G0891_p0028,0.8816
v4_2_G0891_p0053,v4_2,both,G0891,53,0.0,55.181,pergola_carport_shadow,v3c_G0891_p0029,0.9867
v4_2_G0891_p0054,v4_2,both,G0891,54,0.0,35.931,pergola_carport_shadow,v3c_G0891_p0030,0.9634
v4_2_G0892_p0013,v4_2,both,G0892,13,0.0,53.71,actually_pv_mislabeled,v3c_G0892_p0007,0.9355
v4_2_G0892_p0036,v4_2,both,G0892,36,0.0,55.301,skylight_roof_window,v3c_G0892_p0019,0.9757
v4_2_G0892_p0037,v4_2,both,G0892,37,0.0,55.281,skylight_roof_window,v3c_G0892_p0020,0.9878
v4_2_G0892_p0038,v4_2,both,G0892,38,0.0,55.121,skylight_roof_window,v3c_G0892_p0021,0.9838
v4_2_G0892_p0039,v4_2,both,G0892,39,0.0,55.579,skylight_roof_window,v3c_G0892_p0022,0.9853
v4_2_G0892_p0041,v4_2,both,G0892,41,0.0,41.943,ground_road_marking,v3c_G0892_p0023,0.9516
v4_2_G0892_p0042,v4_2,both,G0892,42,0.0,7.983,solar_thermal_water_heater,v3c_G0892_p0024,0.9377
v4_2_G0892_p0043,v4_2,both,G0892,43,0.0,8.361,corrugated_metal_roof,v3c_G0892_p0025,0.8634
v4_2_G0922_p0000,v4_2,both,G0922,0,0.0,13.279,other_unknown,v3c_G0922_p0000,0.8676
v4_2_G0922_p0002,v4_2,both,G0922,2,0.0,12.145,solar_thermal_water_heater,v3c_G0922_p0001,0.8836
v4_2_G0922_p0016,v4_2,both,G0922,16,0.0,25.165,solar_thermal_water_heater,v3c_G0922_p0015,0.7391
v4_2_G0922_p0026,v4_2,both,G0922,26,0.0,29.903,solar_thermal_water_heater,v3c_G0922_p0023,0.741
v4_2_G0922_p0044,v4_2,both,G0922,44,0.0,26.559,actually_pv_mislabeled,v3c_G0922_p0033,0.6424
v4_2_G0922_p0056,v4_2,both,G0922,56,0.0,20.665,actually_pv_mislabeled,v3c_G0922_p0044,0.8807
v4_2_G0922_p0058,v4_2,both,G0922,58,0.0,9.775,other_unknown,v3c_G0922_p0045,0.662
v4_2_G0922_p0061,v4_2,both,G0922,61,0.0,29.924,actually_pv_mislabeled,v3c_G0922_p0048,0.8863
v4_2_G0922_p0072,v4_2,both,G0922,72,0.0,93.711,solar_thermal_water_heater,v3c_G0922_p0055,0.8931
v4_2_G0922_p0077,v4_2,both,G0922,77,0.0,10.333,other_unknown,v3c_G0922_p0058,0.9271
v4_2_G0922_p0081,v4_2,both,G0922,81,0.0,72.609,corrugated_metal_roof,v3c_G0922_p0060,0.9332
v4_2_G0922_p0105,v4_2,both,G0922,105,0.0,23.393,solar_thermal_water_heater,v3c_G0922_p0081,0.9374
v4_2_G0922_p0112,v4_2,both,G0922,112,0.0,17.32,solar_thermal_water_heater,v3c_G0922_p0088,0.5057
v4_2_G0922_p0120,v4_2,both,G0922,120,0.0,33.048,skylight_roof_window,v3c_G0922_p0097,0.95
v4_2_G0922_p0126,v4_2,both,G0922,126,0.0,16.226,ground_road_marking,v3c_G0922_p0102,0.738
v4_2_G0922_p0144,v4_2,both,G0922,144,0.0,385.725,ground_road_marking,v3c_G0922_p0120,0.9002
v4_2_G0922_p0146,v4_2,both,G0922,146,0.0,45.392,solar_thermal_water_heater,v3c_G0922_p0122,0.9533
v4_2_G0922_p0149,v4_2,both,G0922,149,0.0,16.046,ground_road_marking,v3c_G0922_p0125,0.7818
v4_2_G0922_p0151,v4_2,both,G0922,151,0.0,15.987,roof_shadow_dark_fixture,v3c_G0922_p0127,0.9143
v4_2_G0922_p0155,v4_2,both,G0922,155,0.0,31.774,actually_pv_mislabeled,v3c_G0922_p0129,0.8504
v4_2_G0922_p0156,v4_2,both,G0922,156,0.0,34.959,actually_pv_mislabeled,v3c_G0922_p0130,0.7953
v4_2_G0922_p0167,v4_2,both,G0922,167,0.0883,170.532,actually_pv_mislabeled,v3c_G0922_p0142,0.8856
v4_2_G0922_p0168,v4_2,both,G0922,168,0.0,57.694,ground_road_marking,v3c_G0922_p0143,0.7783
v4_2_G0922_p0179,v4_2,both,G0922,179,0.0,5.196,actually_pv_mislabeled,v3c_G0922_p0152,0.7433
v4_2_G0923_p0008,v4_2,both,G0923,8,0.0,18.555,actually_pv_mislabeled,v3c_G0923_p0009,0.8058
v4_2_G0923_p0015,v4_2,both,G0923,15,0.0,29.724,solar_thermal_water_heater,v3c_G0923_p0014,0.8754
v4_2_G0923_p0018,v4_2,both,G0923,18,0.0,76.351,actually_pv_mislabeled,v3c_G0923_p0018,0.8531
v4_2_G0923_p0029,v4_2,both,G0923,29,0.0,30.6,actually_pv_mislabeled,v3c_G0923_p0029,0.7814
v4_2_G0923_p0032,v4_2,both,G0923,32,0.0,54.99,actually_pv_mislabeled,v3c_G0923_p0033,0.8125
v4_2_G0923_p0050,v4_2,both,G0923,50,0.0,224.459,actually_pv_mislabeled,v3c_G0923_p0051,0.6789
v4_2_G0923_p0057,v4_2,both,G0923,57,0.0,150.454,ground_road_marking,v3c_G0923_p0056,0.8866
v4_2_G0923_p0063,v4_2,both,G0923,63,0.0,40.793,solar_thermal_water_heater,v3c_G0923_p0059,0.9603
v4_2_G0923_p0066,v4_2,both,G0923,66,0.0,33.646,actually_pv_mislabeled,v3c_G0923_p0062,0.9143
v4_2_G0923_p0069,v4_2,both,G0923,69,0.0,55.705,actually_pv_mislabeled,v3c_G0923_p0066,0.3245
v4_2_G0923_p0073,v4_2,both,G0923,73,0.0,22.357,corrugated_metal_roof,v3c_G0923_p0069,0.9698
v4_2_G0923_p0095,v4_2,both,G0923,95,0.0,17.739,solar_thermal_water_heater,v3c_G0923_p0088,0.9303
v4_2_G0923_p0096,v4_2,both,G0923,96,0.0,10.452,other_unknown,v3c_G0923_p0089,0.7619
v4_2_G0923_p0099,v4_2,both,G0923,99,0.0,23.87,solar_thermal_water_heater,v3c_G0923_p0091,0.9634
v4_2_G0923_p0102,v4_2,both,G0923,102,0.0,33.645,solar_thermal_water_heater,v3c_G0923_p0093,0.865
v4_2_G0923_p0103,v4_2,both,G0923,103,0.0,35.736,solar_thermal_water_heater,v3c_G0923_p0094,0.9569
v4_2_G0923_p0105,v4_2,both,G0923,105,0.0,16.783,actually_pv_mislabeled,v3c_G0923_p0096,0.8495
v4_2_G0923_p0132,v4_2,both,G0923,132,0.0,25.901,solar_thermal_water_heater,v3c_G0923_p0125,0.7117
v4_2_G0923_p0134,v4_2,both,G0923,134,0.0,24.368,solar_thermal_water_heater,v3c_G0923_p0126,0.6318
v4_2_G0923_p0149,v4_2,both,G0923,149,0.0,7.107,solar_thermal_water_heater,v3c_G0923_p0141,0.8207
v4_2_G0923_p0163,v4_2,both,G0923,163,0.0,9.536,actually_pv_mislabeled,v3c_G0923_p0151,0.6931
v4_2_G0923_p0166,v4_2,both,G0923,166,0.0,30.041,solar_thermal_water_heater,v3c_G0923_p0153,0.8664
v4_2_G0923_p0167,v4_2,both,G0923,167,0.0,31.017,solar_thermal_water_heater,v3c_G0923_p0154,0.8949
v4_2_G0923_p0186,v4_2,both,G0923,186,0.0,36.989,actually_pv_mislabeled,v3c_G0923_p0172,0.8823
v4_2_G0923_p0199,v4_2,both,G0923,199,0.0,29.046,solar_thermal_water_heater,v3c_G0923_p0187,0.8005
v4_2_G0924_p0004,v4_2,both,G0924,4,0.0,23.851,actually_pv_mislabeled,v3c_G0924_p0003,0.9358
v4_2_G0924_p0012,v4_2,both,G0924,12,0.0,25.842,skylight_roof_window,v3c_G0924_p0010,0.9538
v4_2_G0924_p0017,v4_2,both,G0924,17,0.0,23.732,actually_pv_mislabeled,v3c_G0924_p0014,0.907
v4_2_G0924_p0024,v4_2,both,G0924,24,0.0,54.512,solar_thermal_water_heater,v3c_G0924_p0020,0.8714
v4_2_G0924_p0037,v4_2,both,G0924,37,0.0,29.485,solar_thermal_water_heater,v3c_G0924_p0032,0.9057
v4_2_G0924_p0056,v4_2,both,G0924,56,0.0,95.962,other_unknown,v3c_G0924_p0052,0.8864
v4_2_G0924_p0059,v4_2,both,G0924,59,0.0,57.577,hvac_rooftop_equipment,v3c_G0924_p0053,0.8895
v4_2_G0924_p0060,v4_2,both,G0924,60,0.0,32.789,skylight_roof_window,v3c_G0924_p0055,0.8829
v4_2_G0924_p0073,v4_2,both,G0924,73,0.0687,477.842,actually_pv_mislabeled,v3c_G0924_p0065,0.9137
v4_2_G0924_p0080,v4_2,both,G0924,80,0.0,71.41,pergola_carport_shadow,v3c_G0924_p0080,0.8919
v4_2_G0924_p0085,v4_2,both,G0924,85,0.0,25.004,skylight_roof_window,v3c_G0924_p0095,0.8973
v4_2_G0925_p0003,v4_2,both,G0925,3,0.0,18.177,ground_road_marking,v3c_G0925_p0004,0.9398
v4_2_G0925_p0005,v4_2,both,G0925,5,0.0,16.485,ground_road_marking,v3c_G0925_p0005,0.9481
v4_2_G0925_p0006,v4_2,both,G0925,6,0.0,18.715,ground_road_marking,v3c_G0925_p0006,0.8535
v4_2_G0925_p0007,v4_2,both,G0925,7,0.0,181.989,skylight_roof_window,v3c_G0925_p0007,0.8976
v4_2_G0925_p0008,v4_2,both,G0925,8,0.0,54.551,skylight_roof_window,v3c_G0925_p0008,0.3705
v4_2_G0925_p0009,v4_2,both,G0925,9,0.0,96.08,hvac_rooftop_equipment,v3c_G0925_p0009,0.8503
v4_2_G0925_p0012,v4_2,both,G0925,12,0.0,110.294,hvac_rooftop_equipment,v3c_G0925_p0010,0.7449
v4_2_G0925_p0013,v4_2,both,G0925,13,0.0,165.543,ground_road_marking,v3c_G0925_p0011,0.4027
v4_2_G0925_p0014,v4_2,both,G0925,14,0.0,70.836,solar_thermal_water_heater,v3c_G0925_p0012,0.9227
v4_2_G0925_p0037,v4_2,both,G0925,37,0.0,420.801,ground_road_marking,v3c_G0925_p0029,0.7271
v4_2_G0926_p0001,v4_2,both,G0926,1,0.0,97.258,other_unknown,v3c_G0926_p0000,0.9603
v4_2_G0926_p0004,v4_2,both,G0926,4,0.0,438.047,ground_road_marking,v3c_G0926_p0001,0.9697
v4_2_G0926_p0007,v4_2,both,G0926,7,0.0,14.793,other_unknown,v3c_G0926_p0002,0.752
v4_2_G0926_p0010,v4_2,both,G0926,10,0.0,69.344,solar_thermal_water_heater,v3c_G0926_p0004,0.8892
v4_2_G0926_p0017,v4_2,both,G0926,17,0.0,107.453,pergola_carport_shadow,v3c_G0926_p0009,0.907
v4_2_G0926_p0019,v4_2,both,G0926,19,0.0,23.135,skylight_roof_window,v3c_G0926_p0011,0.9079
v4_2_G0926_p0020,v4_2,both,G0926,20,0.0,46.568,corrugated_metal_roof,v3c_G0926_p0012,0.9245
v4_2_G0926_p0041,v4_2,both,G0926,41,0.0,35.14,actually_pv_mislabeled,v3c_G0926_p0026,0.7331
v4_2_G0926_p0046,v4_2,both,G0926,46,0.0,86.602,corrugated_metal_roof,v3c_G0926_p0030,0.9394
v4_2_G0926_p0055,v4_2,both,G0926,55,0.0,50.806,skylight_roof_window,v3c_G0926_p0032,0.8805
v4_2_G0926_p0056,v4_2,both,G0926,56,0.0,146.683,corrugated_metal_roof,v3c_G0926_p0033,0.2545
v4_2_G0926_p0058,v4_2,both,G0926,58,0.0,29.564,skylight_roof_window,v3c_G0926_p0034,0.8997
