tree_root,grid_id,grid_dir,region,has_config,model_version,imagery_source,config_tiles_dir,model_path,result_count,gpkg_row_count,created_at_utc,target_region,target_run,route_reason
/home/gaosh/projects/ZAsolar/results,G0772,/home/gaosh/projects/ZAsolar/results/G0772,johannesburg,True,exp003_C_targeted_hn,geid,/dev/shm/tiles_joburg_geid/G0772,/workspace/checkpoints/exp003_C_targeted_hn/best_model.pth,59.0,59.0,2026-04-08T11:11:32.487207+00:00,johannesburg,v3c_geid_2024_02,V3C on JHB GEID
/home/gaosh/projects/ZAsolar/results,G0773,/home/gaosh/projects/ZAsolar/results/G0773,johannesburg,True,exp003_C_targeted_hn,geid,/dev/shm/tiles_joburg_geid/G0773,/workspace/checkpoints/exp003_C_targeted_hn/best_model.pth,29.0,29.0,2026-04-08T11:11:13.797851+00:00,johannesburg,v3c_geid_2024_02,V3C on JHB GEID
/home/gaosh/projects/ZAsolar/results,G0774,/home/gaosh/projects/ZAsolar/results/G0774,johannesburg,True,exp003_C_targeted_hn,geid,/dev/shm/tiles_joburg_geid/G0774,/workspace/checkpoints/exp003_C_targeted_hn/best_model.pth,123.0,123.0,2026-04-08T11:11:32.689217+00:00,johannesburg,v3c_geid_2024_02,V3C on JHB GEID
/home/gaosh/projects/ZAsolar/results,G0775,/home/gaosh/projects/ZAsolar/results/G0775,johannesburg,True,exp003_C_targeted_hn,geid,/dev/shm/tiles_joburg_geid/G0775,/workspace/checkpoints/exp003_C_targeted_hn/best_model.pth,73.0,73.0,2026-04-08T11:11:25.872294+00:00,johannesburg,v3c_geid_2024_02,V3C on JHB GEID
/home/gaosh/projects/ZAsolar/results,G0776,/home/gaosh/projects/ZAsolar/results/G0776,johannesburg,True,exp003_C_targeted_hn,geid,/dev/shm/tiles_joburg_geid/G0776,/workspace/checkpoints/exp003_C_targeted_hn/best_model.pth,29.0,29.0,2026-04-08T11:11:13.147186+00:00,johannesburg,v3c_geid_2024_02,V3C on JHB GEID
/home/gaosh/projects/ZAsolar/results,G0814,/home/gaosh/projects/ZAsolar/results/G0814,johannesburg,True,exp003_C_targeted_hn,geid,/dev/shm/tiles_joburg_geid/G0814,/workspace/checkpoints/exp003_C_targeted_hn/best_model.pth,92.0,92.0,2026-04-08T11:11:28.855410+00:00,johannesburg,v3c_geid_2024_02,V3C on JHB GEID
/home/gaosh/projects/ZAsolar/results,G0815,/home/gaosh/projects/ZAsolar/results/G0815,johannesburg,True,exp003_C_targeted_hn,geid,/dev/shm/tiles_joburg_geid/G0815,/workspace/checkpoints/exp003_C_targeted_hn/best_model.pth,49.0,49.0,2026-04-08T11:13:54.425596+00:00,johannesburg,v3c_geid_2024_02,V3C on JHB GEID
/home/gaosh/projects/ZAsolar/results,G0816,/home/gaosh/projects/ZAsolar/results/G0816,johannesburg,True,exp003_C_targeted_hn,geid,/dev/shm/tiles_joburg_geid/G0816,/workspace/checkpoints/exp003_C_targeted_hn/best_model.pth,88.0,88.0,2026-04-08T11:14:01.793753+00:00,johannesburg,v3c_geid_2024_02,V3C on JHB GEID
/home/gaosh/projects/ZAsolar/results,G0817,/home/gaosh/projects/ZAsolar/results/G0817,johannesburg,True,exp003_C_targeted_hn,geid,/dev/shm/tiles_joburg_geid/G0817,/workspace/checkpoints/exp003_C_targeted_hn/best_model.pth,71.0,71.0,2026-04-08T11:13:57.139933+00:00,johannesburg,v3c_geid_2024_02,V3C on JHB GEID
/home/gaosh/projects/ZAsolar/results,G0818,/home/gaosh/projects/ZAsolar/results/G0818,johannesburg,True,exp003_C_targeted_hn,geid,/dev/shm/tiles_joburg_geid/G0818,/workspace/checkpoints/exp003_C_targeted_hn/best_model.pth,65.0,65.0,2026-04-08T11:13:50.867059+00:00,johannesburg,v3c_geid_2024_02,V3C on JHB GEID
/home/gaosh/projects/ZAsolar/results,G0853,/home/gaosh/projects/ZAsolar/results/G0853,johannesburg,True,exp003_C_targeted_hn,geid,/dev/shm/tiles_joburg_geid/G0853,/workspace/checkpoints/exp003_C_targeted_hn/best_model.pth,49.0,49.0,2026-04-08T11:13:50.931260+00:00,johannesburg,v3c_geid_2024_02,V3C on JHB GEID
/home/gaosh/projects/ZAsolar/results,G0854,/home/gaosh/projects/ZAsolar/results/G0854,johannesburg,True,exp003_C_targeted_hn,geid,/dev/shm/tiles_joburg_geid/G0854,/workspace/checkpoints/exp003_C_targeted_hn/best_model.pth,56.0,56.0,2026-04-08T11:13:52.216428+00:00,johannesburg,v3c_geid_2024_02,V3C on JHB GEID
/home/gaosh/projects/ZAsolar/results,G0855,/home/gaosh/projects/ZAsolar/results/G0855,johannesburg,True,exp003_C_targeted_hn,geid,/dev/shm/tiles_joburg_geid/G0855,/workspace/checkpoints/exp003_C_targeted_hn/best_model.pth,51.0,51.0,2026-04-08T11:16:35.280203+00:00,johannesburg,v3c_geid_2024_02,V3C on JHB GEID
/home/gaosh/projects/ZAsolar/results,G0856,/home/gaosh/projects/ZAsolar/results/G0856,johannesburg,True,exp003_C_targeted_hn,geid,/dev/shm/tiles_joburg_geid/G0856,/workspace/checkpoints/exp003_C_targeted_hn/best_model.pth,37.0,37.0,2026-04-08T11:16:32.522946+00:00,johannesburg,v3c_geid_2024_02,V3C on JHB GEID
/home/gaosh/projects/ZAsolar/results,G0857,/home/gaosh/projects/ZAsolar/results/G0857,johannesburg,True,exp003_C_targeted_hn,geid,/dev/shm/tiles_joburg_geid/G0857,/workspace/checkpoints/exp003_C_targeted_hn/best_model.pth,56.0,56.0,2026-04-08T11:16:31.157366+00:00,johannesburg,v3c_geid_2024_02,V3C on JHB GEID
/home/gaosh/projects/ZAsolar/results,G0888,/home/gaosh/projects/ZAsolar/results/G0888,johannesburg,True,exp003_C_targeted_hn,geid,/dev/shm/tiles_joburg_geid/G0888,/workspace/checkpoints/exp003_C_targeted_hn/best_model.pth,54.0,54.0,2026-04-08T11:16:28.218235+00:00,johannesburg,v3c_geid_2024_02,V3C on JHB GEID
/home/gaosh/projects/ZAsolar/results,G0889,/home/gaosh/projects/ZAsolar/results/G0889,johannesburg,True,exp003_C_targeted_hn,geid,/dev/shm/tiles_joburg_geid/G0889,/workspace/checkpoints/exp003_C_targeted_hn/best_model.pth,81.0,81.0,2026-04-08T11:16:35.018622+00:00,johannesburg,v3c_geid_2024_02,V3C on JHB GEID
/home/gaosh/projects/ZAsolar/results,G0890,/home/gaosh/projects/ZAsolar/results/G0890,johannesburg,True,exp003_C_targeted_hn,geid,/dev/shm/tiles_joburg_geid/G0890,/workspace/checkpoints/exp003_C_targeted_hn/best_model.pth,74.0,74.0,2026-04-08T11:16:33.249662+00:00,johannesburg,v3c_geid_2024_02,V3C on JHB GEID
/home/gaosh/projects/ZAsolar/results,G0891,/home/gaosh/projects/ZAsolar/results/G0891,johannesburg,True,exp003_C_targeted_hn,geid,/dev/shm/tiles_joburg_geid/G0891,/workspace/checkpoints/exp003_C_targeted_hn/best_model.pth,34.0,34.0,2026-04-08T11:19:05.886701+00:00,johannesburg,v3c_geid_2024_02,V3C on JHB GEID
/home/gaosh/projects/ZAsolar/results,G0892,/home/gaosh/projects/ZAsolar/results/G0892,johannesburg,True,exp003_C_targeted_hn,geid,/dev/shm/tiles_joburg_geid/G0892,/workspace/checkpoints/exp003_C_targeted_hn/best_model.pth,25.0,25.0,2026-04-08T11:19:03.974584+00:00,johannesburg,v3c_geid_2024_02,V3C on JHB GEID
/home/gaosh/projects/ZAsolar/results,G0922,/home/gaosh/projects/ZAsolar/results/G0922,johannesburg,True,exp003_C_targeted_hn,geid,/dev/shm/tiles_joburg_geid/G0922,/workspace/checkpoints/exp003_C_targeted_hn/best_model.pth,169.0,169.0,2026-04-08T11:19:13.318145+00:00,johannesburg,v3c_geid_2024_02,V3C on JHB GEID
/home/gaosh/projects/ZAsolar/results,G0923,/home/gaosh/projects/ZAsolar/results/G0923,johannesburg,True,exp003_C_targeted_hn,geid,/dev/shm/tiles_joburg_geid/G0923,/workspace/checkpoints/exp003_C_targeted_hn/best_model.pth,217.0,217.0,2026-04-08T11:19:15.025512+00:00,johannesburg,v3c_geid_2024_02,V3C on JHB GEID
/home/gaosh/projects/ZAsolar/results,G0924,/home/gaosh/projects/ZAsolar/results/G0924,johannesburg,True,exp003_C_targeted_hn,geid,/dev/shm/tiles_joburg_geid/G0924,/workspace/checkpoints/exp003_C_targeted_hn/best_model.pth,98.0,98.0,2026-04-08T11:19:08.456619+00:00,johannesburg,v3c_geid_2024_02,V3C on JHB GEID
/home/gaosh/projects/ZAsolar/results,G0925,/home/gaosh/projects/ZAsolar/results/G0925,johannesburg,True,exp003_C_targeted_hn,geid,/dev/shm/tiles_joburg_geid/G0925,/workspace/checkpoints/exp003_C_targeted_hn/best_model.pth,28.0,28.0,2026-04-08T11:19:05.425120+00:00,johannesburg,v3c_geid_2024_02,V3C on JHB GEID
/home/gaosh/projects/ZAsolar/results,G0926,/home/gaosh/projects/ZAsolar/results/G0926,johannesburg,True,exp003_C_targeted_hn,geid,/dev/shm/tiles_joburg_geid/G0926,/workspace/checkpoints/exp003_C_targeted_hn/best_model.pth,35.0,35.0,2026-04-08T11:21:51.459496+00:00,johannesburg,v3c_geid_2024_02,V3C on JHB GEID
/home/gaosh/projects/ZAsolar/results,G1110,/home/gaosh/projects/ZAsolar/results/G1110,johannesburg,True,exp003_C_targeted_hn,geid,/dev/shm/tiles_joburg_geid/G1110,/workspace/checkpoints/exp003_C_targeted_hn/best_model.pth,4.0,4.0,2026-04-08T11:21:41.199414+00:00,johannesburg,v3c_geid_2024_02,V3C on JHB GEID
/home/gaosh/projects/ZAsolar/results,G1111,/home/gaosh/projects/ZAsolar/results/G1111,johannesburg,True,exp003_C_targeted_hn,geid,/dev/shm/tiles_joburg_geid/G1111,/workspace/checkpoints/exp003_C_targeted_hn/best_model.pth,8.0,8.0,2026-04-08T11:21:44.182814+00:00,johannesburg,v3c_geid_2024_02,V3C on JHB GEID
/home/gaosh/projects/ZAsolar/results,G1112,/home/gaosh/projects/ZAsolar/results/G1112,johannesburg,True,exp003_C_targeted_hn,geid,/dev/shm/tiles_joburg_geid/G1112,/workspace/checkpoints/exp003_C_targeted_hn/best_model.pth,23.0,23.0,2026-04-08T11:21:51.355329+00:00,johannesburg,v3c_geid_2024_02,V3C on JHB GEID
/home/gaosh/projects/ZAsolar/results,G1113,/home/gaosh/projects/ZAsolar/results/G1113,johannesburg,True,exp003_C_targeted_hn,geid,/dev/shm/tiles_joburg_geid/G1113,/workspace/checkpoints/exp003_C_targeted_hn/best_model.pth,18.0,18.0,2026-04-08T11:21:49.239002+00:00,johannesburg,v3c_geid_2024_02,V3C on JHB GEID
/home/gaosh/projects/ZAsolar/results,G1114,/home/gaosh/projects/ZAsolar/results/G1114,johannesburg,True,exp003_C_targeted_hn,geid,/dev/shm/tiles_joburg_geid/G1114,/workspace/checkpoints/exp003_C_targeted_hn/best_model.pth,18.0,18.0,2026-04-08T11:21:50.987488+00:00,johannesburg,v3c_geid_2024_02,V3C on JHB GEID
/home/gaosh/projects/ZAsolar/results,G1144,/home/gaosh/projects/ZAsolar/results/G1144,johannesburg,True,exp003_C_targeted_hn,geid,/dev/shm/tiles_joburg_geid/G1144,/workspace/checkpoints/exp003_C_targeted_hn/best_model.pth,8.0,8.0,2026-04-08T11:24:18.881808+00:00,johannesburg,v3c_geid_2024_02,V3C on JHB GEID
/home/gaosh/projects/ZAsolar/results,G1145,/home/gaosh/projects/ZAsolar/results/G1145,johannesburg,True,exp003_C_targeted_hn,geid,/dev/shm/tiles_joburg_geid/G1145,/workspace/checkpoints/exp003_C_targeted_hn/best_model.pth,72.0,72.0,2026-04-08T11:24:25.452672+00:00,johannesburg,v3c_geid_2024_02,V3C on JHB GEID
/home/gaosh/projects/ZAsolar/results,G1146,/home/gaosh/projects/ZAsolar/results/G1146,johannesburg,True,exp003_C_targeted_hn,geid,/dev/shm/tiles_joburg_geid/G1146,/workspace/checkpoints/exp003_C_targeted_hn/best_model.pth,69.0,69.0,2026-04-08T11:24:26.643990+00:00,johannesburg,v3c_geid_2024_02,V3C on JHB GEID
/home/gaosh/projects/ZAsolar/results,G1147,/home/gaosh/projects/ZAsolar/results/G1147,johannesburg,True,exp003_C_targeted_hn,geid,/dev/shm/tiles_joburg_geid/G1147,/workspace/checkpoints/exp003_C_targeted_hn/best_model.pth,26.0,26.0,2026-04-08T11:24:21.171646+00:00,johannesburg,v3c_geid_2024_02,V3C on JHB GEID
/home/gaosh/projects/ZAsolar/results,G1148,/home/gaosh/projects/ZAsolar/results/G1148,johannesburg,True,exp003_C_targeted_hn,geid,/dev/shm/tiles_joburg_geid/G1148,/workspace/checkpoints/exp003_C_targeted_hn/best_model.pth,13.0,13.0,2026-04-08T11:24:17.445072+00:00,johannesburg,v3c_geid_2024_02,V3C on JHB GEID
/home/gaosh/projects/ZAsolar/results,G1151,/home/gaosh/projects/ZAsolar/results/G1151,johannesburg,True,exp003_C_targeted_hn,geid,/dev/shm/tiles_joburg_geid/G1151,/workspace/checkpoints/exp003_C_targeted_hn/best_model.pth,14.0,14.0,2026-04-08T11:24:18.616383+00:00,johannesburg,v3c_geid_2024_02,V3C on JHB GEID
/home/gaosh/projects/ZAsolar/results,G1152,/home/gaosh/projects/ZAsolar/results/G1152,johannesburg,True,exp003_C_targeted_hn,geid,/dev/shm/tiles_joburg_geid/G1152,/workspace/checkpoints/exp003_C_targeted_hn/best_model.pth,59.0,59.0,2026-04-08T11:27:09.416698+00:00,johannesburg,v3c_geid_2024_02,V3C on JHB GEID
/home/gaosh/projects/ZAsolar/results,G1153,/home/gaosh/projects/ZAsolar/results/G1153,johannesburg,True,exp003_C_targeted_hn,geid,/dev/shm/tiles_joburg_geid/G1153,/workspace/checkpoints/exp003_C_targeted_hn/best_model.pth,32.0,32.0,2026-04-08T11:27:05.116269+00:00,johannesburg,v3c_geid_2024_02,V3C on JHB GEID
/home/gaosh/projects/ZAsolar/results,G1154,/home/gaosh/projects/ZAsolar/results/G1154,johannesburg,True,exp003_C_targeted_hn,geid,/dev/shm/tiles_joburg_geid/G1154,/workspace/checkpoints/exp003_C_targeted_hn/best_model.pth,19.0,19.0,2026-04-08T11:27:00.233061+00:00,johannesburg,v3c_geid_2024_02,V3C on JHB GEID
/home/gaosh/projects/ZAsolar/results,G1155,/home/gaosh/projects/ZAsolar/results/G1155,johannesburg,True,exp003_C_targeted_hn,geid,/dev/shm/tiles_joburg_geid/G1155,/workspace/checkpoints/exp003_C_targeted_hn/best_model.pth,30.0,30.0,2026-04-08T11:27:00.231483+00:00,johannesburg,v3c_geid_2024_02,V3C on JHB GEID
/home/gaosh/projects/ZAsolar/results,G1179,/home/gaosh/projects/ZAsolar/results/G1179,johannesburg,True,exp003_C_targeted_hn,geid,/dev/shm/tiles_joburg_geid/G1179,/workspace/checkpoints/exp003_C_targeted_hn/best_model.pth,54.0,54.0,2026-04-08T11:27:07.844198+00:00,johannesburg,v3c_geid_2024_02,V3C on JHB GEID
/home/gaosh/projects/ZAsolar/results,G1180,/home/gaosh/projects/ZAsolar/results/G1180,johannesburg,True,exp003_C_targeted_hn,geid,/dev/shm/tiles_joburg_geid/G1180,/workspace/checkpoints/exp003_C_targeted_hn/best_model.pth,41.0,41.0,2026-04-08T11:27:04.262827+00:00,johannesburg,v3c_geid_2024_02,V3C on JHB GEID
/home/gaosh/projects/ZAsolar/results,G1181,/home/gaosh/projects/ZAsolar/results/G1181,johannesburg,True,exp003_C_targeted_hn,geid,/dev/shm/tiles_joburg_geid/G1181,/workspace/checkpoints/exp003_C_targeted_hn/best_model.pth,55.0,55.0,2026-04-08T11:29:49.027471+00:00,johannesburg,v3c_geid_2024_02,V3C on JHB GEID
/home/gaosh/projects/ZAsolar/results,G1182,/home/gaosh/projects/ZAsolar/results/G1182,johannesburg,True,exp003_C_targeted_hn,geid,/dev/shm/tiles_joburg_geid/G1182,/workspace/checkpoints/exp003_C_targeted_hn/best_model.pth,26.0,26.0,2026-04-08T11:29:43.233394+00:00,johannesburg,v3c_geid_2024_02,V3C on JHB GEID
/home/gaosh/projects/ZAsolar/results,G1183,/home/gaosh/projects/ZAsolar/results/G1183,johannesburg,True,exp003_C_targeted_hn,geid,/dev/shm/tiles_joburg_geid/G1183,/workspace/checkpoints/exp003_C_targeted_hn/best_model.pth,21.0,21.0,2026-04-08T11:29:44.358445+00:00,johannesburg,v3c_geid_2024_02,V3C on JHB GEID
/home/gaosh/projects/ZAsolar/results,G1186,/home/gaosh/projects/ZAsolar/results/G1186,johannesburg,True,exp003_C_targeted_hn,geid,/dev/shm/tiles_joburg_geid/G1186,/workspace/checkpoints/exp003_C_targeted_hn/best_model.pth,42.0,42.0,2026-04-08T11:29:44.146610+00:00,johannesburg,v3c_geid_2024_02,V3C on JHB GEID
/home/gaosh/projects/ZAsolar/results,G1187,/home/gaosh/projects/ZAsolar/results/G1187,johannesburg,True,exp003_C_targeted_hn,geid,/dev/shm/tiles_joburg_geid/G1187,/workspace/checkpoints/exp003_C_targeted_hn/best_model.pth,43.0,43.0,2026-04-08T11:29:46.035543+00:00,johannesburg,v3c_geid_2024_02,V3C on JHB GEID
/home/gaosh/projects/ZAsolar/results,G1188,/home/gaosh/projects/ZAsolar/results/G1188,johannesburg,True,exp003_C_targeted_hn,geid,/dev/shm/tiles_joburg_geid/G1188,/workspace/checkpoints/exp003_C_targeted_hn/best_model.pth,0.0,0.0,2026-04-08T11:29:37.080326+00:00,johannesburg,v3c_geid_2024_02,V3C on JHB GEID
/home/gaosh/projects/ZAsolar/results,G1189,/home/gaosh/projects/ZAsolar/results/G1189,cape_town,True,exp003_C_targeted_hn,geid,/dev/shm/tiles_joburg_geid/G1189,/workspace/checkpoints/exp003_C_targeted_hn/best_model.pth,4.0,4.0,2026-04-08T11:32:03.128767+00:00,cape_town,v3c_geid_experiment,V3C cross-region experiment on CT grid (user: discardable)
/home/gaosh/projects/ZAsolar/results,G1190,/home/gaosh/projects/ZAsolar/results/G1190,cape_town,True,exp003_C_targeted_hn,geid,/dev/shm/tiles_joburg_geid/G1190,/workspace/checkpoints/exp003_C_targeted_hn/best_model.pth,26.0,26.0,2026-04-08T11:32:12.758773+00:00,cape_town,v3c_geid_experiment,V3C cross-region experiment on CT grid (user: discardable)
/home/gaosh/projects/ZAsolar/results,G1214,/home/gaosh/projects/ZAsolar/results/G1214,johannesburg,True,exp003_C_targeted_hn,geid,/dev/shm/tiles_joburg_geid/G1214,/workspace/checkpoints/exp003_C_targeted_hn/best_model.pth,33.0,33.0,2026-04-08T11:32:15.238271+00:00,johannesburg,v3c_geid_2024_02,V3C on JHB GEID
/home/gaosh/projects/ZAsolar/results,G1215,/home/gaosh/projects/ZAsolar/results/G1215,johannesburg,True,exp003_C_targeted_hn,geid,/dev/shm/tiles_joburg_geid/G1215,/workspace/checkpoints/exp003_C_targeted_hn/best_model.pth,35.0,35.0,2026-04-08T11:32:15.343969+00:00,johannesburg,v3c_geid_2024_02,V3C on JHB GEID
/home/gaosh/projects/ZAsolar/results,G1216,/home/gaosh/projects/ZAsolar/results/G1216,johannesburg,True,exp003_C_targeted_hn,geid,/dev/shm/tiles_joburg_geid/G1216,/workspace/checkpoints/exp003_C_targeted_hn/best_model.pth,51.0,51.0,2026-04-08T11:32:13.662518+00:00,johannesburg,v3c_geid_2024_02,V3C on JHB GEID
/home/gaosh/projects/ZAsolar/results,G1217,/home/gaosh/projects/ZAsolar/results/G1217,johannesburg,True,exp003_C_targeted_hn,geid,/dev/shm/tiles_joburg_geid/G1217,/workspace/checkpoints/exp003_C_targeted_hn/best_model.pth,24.0,24.0,2026-04-08T11:32:14.560343+00:00,johannesburg,v3c_geid_2024_02,V3C on JHB GEID
/home/gaosh/projects/ZAsolar/results,G1218,/home/gaosh/projects/ZAsolar/results/G1218,johannesburg,True,exp003_C_targeted_hn,geid,/dev/shm/tiles_joburg_geid/G1218,/workspace/checkpoints/exp003_C_targeted_hn/best_model.pth,50.0,50.0,2026-04-08T11:34:54.893882+00:00,johannesburg,v3c_geid_2024_02,V3C on JHB GEID
/home/gaosh/projects/ZAsolar/results,G1221,/home/gaosh/projects/ZAsolar/results/G1221,johannesburg,True,exp003_C_targeted_hn,geid,/dev/shm/tiles_joburg_geid/G1221,/workspace/checkpoints/exp003_C_targeted_hn/best_model.pth,30.0,30.0,2026-04-08T11:34:51.237275+00:00,johannesburg,v3c_geid_2024_02,V3C on JHB GEID
/home/gaosh/projects/ZAsolar/results,G1222,/home/gaosh/projects/ZAsolar/results/G1222,johannesburg,True,exp003_C_targeted_hn,geid,/dev/shm/tiles_joburg_geid/G1222,/workspace/checkpoints/exp003_C_targeted_hn/best_model.pth,11.0,11.0,2026-04-08T11:34:48.449468+00:00,johannesburg,v3c_geid_2024_02,V3C on JHB GEID
/home/gaosh/projects/ZAsolar/results,G1223,/home/gaosh/projects/ZAsolar/results/G1223,johannesburg,True,exp003_C_targeted_hn,geid,/dev/shm/tiles_joburg_geid/G1223,/workspace/checkpoints/exp003_C_targeted_hn/best_model.pth,1.0,1.0,2026-04-08T11:34:48.088064+00:00,johannesburg,v3c_geid_2024_02,V3C on JHB GEID
/home/gaosh/projects/ZAsolar/results,G1224,/home/gaosh/projects/ZAsolar/results/G1224,johannesburg,True,exp003_C_targeted_hn,geid,/dev/shm/tiles_joburg_geid/G1224,/workspace/checkpoints/exp003_C_targeted_hn/best_model.pth,3.0,3.0,2026-04-08T11:34:45.771604+00:00,johannesburg,v3c_geid_2024_02,V3C on JHB GEID
/home/gaosh/projects/ZAsolar/results,G1225,/home/gaosh/projects/ZAsolar/results/G1225,johannesburg,True,exp003_C_targeted_hn,geid,/dev/shm/tiles_joburg_geid/G1225,/workspace/checkpoints/exp003_C_targeted_hn/best_model.pth,0.0,0.0,2026-04-08T11:34:48.278924+00:00,johannesburg,v3c_geid_2024_02,V3C on JHB GEID
/home/gaosh/projects/ZAsolar/results,G1238,/home/gaosh/projects/ZAsolar/results/G1238,cape_town,True,checkpoints_cleaned,unknown,/home/gaosh/projects/ZAsolar/tiles/G1238,/home/gaosh/projects/ZAsolar/checkpoints_cleaned/best_model.pth,223.0,223.0,2026-03-25T04:06:54.348230+00:00,,,legacy_checkpoints_cleaned_defer
/home/gaosh/projects/ZAsolar/results,G1240,/home/gaosh/projects/ZAsolar/results/G1240,AMBIGUOUS,False,,,,,,,,,,no_config_or_error
/home/gaosh/projects/ZAsolar/results,G1243,/home/gaosh/projects/ZAsolar/results/G1243,AMBIGUOUS,False,,,,,,,,,,no_config_or_error
/home/gaosh/projects/ZAsolar/results,G1244,/home/gaosh/projects/ZAsolar/results/G1244,AMBIGUOUS,False,,,,,,,,,,no_config_or_error
/home/gaosh/projects/ZAsolar/results,G1245,/home/gaosh/projects/ZAsolar/results/G1245,AMBIGUOUS,False,,,,,,,,,,no_config_or_error
/home/gaosh/projects/ZAsolar/results,G1250,/home/gaosh/projects/ZAsolar/results/G1250,johannesburg,True,exp003_C_targeted_hn,geid,/dev/shm/tiles_joburg_geid/G1250,/workspace/checkpoints/exp003_C_targeted_hn/best_model.pth,67.0,67.0,2026-04-08T11:37:30.597484+00:00,johannesburg,v3c_geid_2024_02,V3C on JHB GEID
/home/gaosh/projects/ZAsolar/results,G1251,/home/gaosh/projects/ZAsolar/results/G1251,johannesburg,True,exp003_C_targeted_hn,geid,/dev/shm/tiles_joburg_geid/G1251,/workspace/checkpoints/exp003_C_targeted_hn/best_model.pth,49.0,49.0,2026-04-08T11:37:30.164631+00:00,johannesburg,v3c_geid_2024_02,V3C on JHB GEID
/home/gaosh/projects/ZAsolar/results,G1252,/home/gaosh/projects/ZAsolar/results/G1252,johannesburg,True,exp003_C_targeted_hn,geid,/dev/shm/tiles_joburg_geid/G1252,/workspace/checkpoints/exp003_C_targeted_hn/best_model.pth,62.0,62.0,2026-04-08T11:37:29.256200+00:00,johannesburg,v3c_geid_2024_02,V3C on JHB GEID
/home/gaosh/projects/ZAsolar/results,G1253,/home/gaosh/projects/ZAsolar/results/G1253,johannesburg,True,exp003_C_targeted_hn,geid,/dev/shm/tiles_joburg_geid/G1253,/workspace/checkpoints/exp003_C_targeted_hn/best_model.pth,56.0,56.0,2026-04-08T11:37:31.776656+00:00,johannesburg,v3c_geid_2024_02,V3C on JHB GEID
/home/gaosh/projects/ZAsolar/results,G1254,/home/gaosh/projects/ZAsolar/results/G1254,johannesburg,True,exp003_C_targeted_hn,geid,/dev/shm/tiles_joburg_geid/G1254,/workspace/checkpoints/exp003_C_targeted_hn/best_model.pth,37.0,37.0,2026-04-08T11:37:29.322011+00:00,johannesburg,v3c_geid_2024_02,V3C on JHB GEID
/home/gaosh/projects/ZAsolar/results,G1257,/home/gaosh/projects/ZAsolar/results/G1257,johannesburg,True,exp003_C_targeted_hn,geid,/dev/shm/tiles_joburg_geid/G1257,/workspace/checkpoints/exp003_C_targeted_hn/best_model.pth,31.0,31.0,2026-04-08T11:37:26.539839+00:00,johannesburg,v3c_geid_2024_02,V3C on JHB GEID
/home/gaosh/projects/ZAsolar/results,G1258,/home/gaosh/projects/ZAsolar/results/G1258,johannesburg,True,exp003_C_targeted_hn,geid,/dev/shm/tiles_joburg_geid/G1258,/workspace/checkpoints/exp003_C_targeted_hn/best_model.pth,13.0,13.0,2026-04-08T11:40:13.589989+00:00,johannesburg,v3c_geid_2024_02,V3C on JHB GEID
/home/gaosh/projects/ZAsolar/results,G1259,/home/gaosh/projects/ZAsolar/results/G1259,johannesburg,True,exp003_C_targeted_hn,geid,/dev/shm/tiles_joburg_geid/G1259,/workspace/checkpoints/exp003_C_targeted_hn/best_model.pth,4.0,4.0,2026-04-08T11:40:09.667226+00:00,johannesburg,v3c_geid_2024_02,V3C on JHB GEID
/home/gaosh/projects/ZAsolar/results,G1260,/home/gaosh/projects/ZAsolar/results/G1260,johannesburg,True,exp003_C_targeted_hn,geid,/dev/shm/tiles_joburg_geid/G1260,/workspace/checkpoints/exp003_C_targeted_hn/best_model.pth,2.0,2.0,2026-04-08T11:40:11.348628+00:00,johannesburg,v3c_geid_2024_02,V3C on JHB GEID
/home/gaosh/projects/ZAsolar/results,G1261,/home/gaosh/projects/ZAsolar/results/G1261,johannesburg,True,exp003_C_targeted_hn,geid,/dev/shm/tiles_joburg_geid/G1261,/workspace/checkpoints/exp003_C_targeted_hn/best_model.pth,1.0,1.0,2026-04-08T11:40:08.296479+00:00,johannesburg,v3c_geid_2024_02,V3C on JHB GEID
/home/gaosh/projects/ZAsolar/results,G1293,/home/gaosh/projects/ZAsolar/results/G1293,johannesburg,True,exp003_C_targeted_hn,geid,/dev/shm/tiles_joburg_geid/G1293,/workspace/checkpoints/exp003_C_targeted_hn/best_model.pth,21.0,21.0,2026-04-08T11:40:16.457670+00:00,johannesburg,v3c_geid_2024_02,V3C on JHB GEID
/home/gaosh/projects/ZAsolar/results,G1294,/home/gaosh/projects/ZAsolar/results/G1294,johannesburg,True,exp003_C_targeted_hn,geid,/dev/shm/tiles_joburg_geid/G1294,/workspace/checkpoints/exp003_C_targeted_hn/best_model.pth,30.0,30.0,2026-04-08T11:40:15.087726+00:00,johannesburg,v3c_geid_2024_02,V3C on JHB GEID
/home/gaosh/projects/ZAsolar/results,G1295,/home/gaosh/projects/ZAsolar/results/G1295,johannesburg,True,exp003_C_targeted_hn,geid,/dev/shm/tiles_joburg_geid/G1295,/workspace/checkpoints/exp003_C_targeted_hn/best_model.pth,3.0,3.0,2026-04-08T11:42:46.957857+00:00,johannesburg,v3c_geid_2024_02,V3C on JHB GEID
/home/gaosh/projects/ZAsolar/results,G1296,/home/gaosh/projects/ZAsolar/results/G1296,johannesburg,True,exp003_C_targeted_hn,geid,/dev/shm/tiles_joburg_geid/G1296,/workspace/checkpoints/exp003_C_targeted_hn/best_model.pth,1.0,1.0,2026-04-08T11:42:41.049396+00:00,johannesburg,v3c_geid_2024_02,V3C on JHB GEID
/home/gaosh/projects/ZAsolar/results,G1297,/home/gaosh/projects/ZAsolar/results/G1297,johannesburg,True,exp003_C_targeted_hn,geid,/dev/shm/tiles_joburg_geid/G1297,/workspace/checkpoints/exp003_C_targeted_hn/best_model.pth,16.0,16.0,2026-04-08T11:42:46.955725+00:00,johannesburg,v3c_geid_2024_02,V3C on JHB GEID
/home/gaosh/projects/ZAsolar/results,G1298,/home/gaosh/projects/ZAsolar/results/G1298,AMBIGUOUS,False,,,,,,,,,,no_config_or_error
/home/gaosh/projects/ZAsolar/results,G1299,/home/gaosh/projects/ZAsolar/results/G1299,AMBIGUOUS,False,,,,,,,,,,no_config_or_error
/home/gaosh/projects/ZAsolar/results,G1300,/home/gaosh/projects/ZAsolar/results/G1300,AMBIGUOUS,False,,,,,,,,,,no_config_or_error
/home/gaosh/projects/ZAsolar/results,G1349,/home/gaosh/projects/ZAsolar/results/G1349,AMBIGUOUS,False,,,,,,,,,,no_config_or_error
/home/gaosh/projects/ZAsolar/results,G1354,/home/gaosh/projects/ZAsolar/results/G1354,AMBIGUOUS,False,,,,,,,,,,no_config_or_error
/home/gaosh/projects/ZAsolar/results,G1410,/home/gaosh/projects/ZAsolar/results/G1410,AMBIGUOUS,False,,,,,,,,,,no_config_or_error
/home/gaosh/projects/ZAsolar/results,G1411,/home/gaosh/projects/ZAsolar/results/G1411,AMBIGUOUS,False,,,,,,,,,,no_config_or_error
/home/gaosh/projects/ZAsolar/results,G1466,/home/gaosh/projects/ZAsolar/results/G1466,AMBIGUOUS,False,,,,,,,,,,no_config_or_error
/home/gaosh/projects/ZAsolar/results,G1467,/home/gaosh/projects/ZAsolar/results/G1467,AMBIGUOUS,True,checkpoints_cleaned,unknown,/home/gaosh/projects/ZAsolar/tiles/G1467,/home/gaosh/projects/ZAsolar/checkpoints_cleaned/best_model.pth,93.0,93.0,2026-03-25T04:10:33.506354+00:00,,,legacy_checkpoints_cleaned_defer
/home/gaosh/projects/ZAsolar/results,G1512,/home/gaosh/projects/ZAsolar/results/G1512,johannesburg,True,exp003_C_targeted_hn,geid,/dev/shm/tiles_joburg_geid/G1512,/workspace/checkpoints/exp003_C_targeted_hn/best_model.pth,31.0,31.0,2026-04-08T11:42:50.447623+00:00,johannesburg,v3c_geid_2024_02,V3C on JHB GEID
/home/gaosh/projects/ZAsolar/results,G1513,/home/gaosh/projects/ZAsolar/results/G1513,johannesburg,True,exp003_C_targeted_hn,geid,/dev/shm/tiles_joburg_geid/G1513,/workspace/checkpoints/exp003_C_targeted_hn/best_model.pth,10.0,10.0,2026-04-08T11:42:49.072875+00:00,johannesburg,v3c_geid_2024_02,V3C on JHB GEID
/home/gaosh/projects/ZAsolar/results,G1514,/home/gaosh/projects/ZAsolar/results/G1514,johannesburg,True,exp003_C_targeted_hn,geid,/dev/shm/tiles_joburg_geid/G1514,/workspace/checkpoints/exp003_C_targeted_hn/best_model.pth,50.0,50.0,2026-04-08T11:42:51.119592+00:00,johannesburg,v3c_geid_2024_02,V3C on JHB GEID
/home/gaosh/projects/ZAsolar/results,G1515,/home/gaosh/projects/ZAsolar/results/G1515,johannesburg,True,exp003_C_targeted_hn,geid,/dev/shm/tiles_joburg_geid/G1515,/workspace/checkpoints/exp003_C_targeted_hn/best_model.pth,7.0,7.0,2026-04-08T11:45:23.963038+00:00,johannesburg,v3c_geid_2024_02,V3C on JHB GEID
/home/gaosh/projects/ZAsolar/results,G1516,/home/gaosh/projects/ZAsolar/results/G1516,johannesburg,True,exp003_C_targeted_hn,geid,/dev/shm/tiles_joburg_geid/G1516,/workspace/checkpoints/exp003_C_targeted_hn/best_model.pth,0.0,0.0,2026-04-08T11:45:18.942549+00:00,johannesburg,v3c_geid_2024_02,V3C on JHB GEID
/home/gaosh/projects/ZAsolar/results,G1520,/home/gaosh/projects/ZAsolar/results/G1520,AMBIGUOUS,False,,,,,,,,,,no_config_or_error
/home/gaosh/projects/ZAsolar/results,G1521,/home/gaosh/projects/ZAsolar/results/G1521,AMBIGUOUS,False,,,,,,,,,,no_config_or_error
/home/gaosh/projects/ZAsolar/results,G1522,/home/gaosh/projects/ZAsolar/results/G1522,AMBIGUOUS,False,,,,,,,,,,no_config_or_error
/home/gaosh/projects/ZAsolar/results,G1523,/home/gaosh/projects/ZAsolar/results/G1523,AMBIGUOUS,False,,,,,,,,,,no_config_or_error
/home/gaosh/projects/ZAsolar/results,G1524,/home/gaosh/projects/ZAsolar/results/G1524,AMBIGUOUS,False,,,,,,,,,,no_config_or_error
/home/gaosh/projects/ZAsolar/results,G1541,/home/gaosh/projects/ZAsolar/results/G1541,johannesburg,True,exp003_C_targeted_hn,geid,/dev/shm/tiles_joburg_geid/G1541,/workspace/checkpoints/exp003_C_targeted_hn/best_model.pth,6.0,6.0,2026-04-08T11:45:25.244506+00:00,johannesburg,v3c_geid_2024_02,V3C on JHB GEID
/home/gaosh/projects/ZAsolar/results,G1542,/home/gaosh/projects/ZAsolar/results/G1542,johannesburg,True,exp003_C_targeted_hn,geid,/dev/shm/tiles_joburg_geid/G1542,/workspace/checkpoints/exp003_C_targeted_hn/best_model.pth,37.0,37.0,2026-04-08T11:45:25.378534+00:00,johannesburg,v3c_geid_2024_02,V3C on JHB GEID
/home/gaosh/projects/ZAsolar/results,G1543,/home/gaosh/projects/ZAsolar/results/G1543,johannesburg,True,exp003_C_targeted_hn,geid,/dev/shm/tiles_joburg_geid/G1543,/workspace/checkpoints/exp003_C_targeted_hn/best_model.pth,50.0,50.0,2026-04-08T11:45:26.916025+00:00,johannesburg,v3c_geid_2024_02,V3C on JHB GEID
/home/gaosh/projects/ZAsolar/results,G1544,/home/gaosh/projects/ZAsolar/results/G1544,johannesburg,True,exp003_C_targeted_hn,geid,/dev/shm/tiles_joburg_geid/G1544,/workspace/checkpoints/exp003_C_targeted_hn/best_model.pth,20.0,20.0,2026-04-08T11:45:22.746349+00:00,johannesburg,v3c_geid_2024_02,V3C on JHB GEID
/home/gaosh/projects/ZAsolar/results,G1545,/home/gaosh/projects/ZAsolar/results/G1545,johannesburg,True,exp003_C_targeted_hn,geid,/dev/shm/tiles_joburg_geid/G1545,/workspace/checkpoints/exp003_C_targeted_hn/best_model.pth,1.0,1.0,2026-04-08T11:47:58.116365+00:00,johannesburg,v3c_geid_2024_02,V3C on JHB GEID
/home/gaosh/projects/ZAsolar/results,G1569,/home/gaosh/projects/ZAsolar/results/G1569,AMBIGUOUS,False,,,,,,,,,,no_config_or_error
/home/gaosh/projects/ZAsolar/results,G1570,/home/gaosh/projects/ZAsolar/results/G1570,johannesburg,True,exp003_C_targeted_hn,geid,/dev/shm/tiles_joburg_geid/G1570,/workspace/checkpoints/exp003_C_targeted_hn/best_model.pth,8.0,8.0,2026-04-08T11:48:03.866496+00:00,johannesburg,v3c_geid_2024_02,V3C on JHB GEID
/home/gaosh/projects/ZAsolar/results,G1571,/home/gaosh/projects/ZAsolar/results/G1571,johannesburg,True,exp003_C_targeted_hn,geid,/dev/shm/tiles_joburg_geid/G1571,/workspace/checkpoints/exp003_C_targeted_hn/best_model.pth,6.0,6.0,2026-04-08T11:48:01.644774+00:00,johannesburg,v3c_geid_2024_02,V3C on JHB GEID
/home/gaosh/projects/ZAsolar/results,G1572,/home/gaosh/projects/ZAsolar/results/G1572,AMBIGUOUS,True,CONFIG_READ_ERROR: Expecting value: line 1 column 1 (char 0),,,,,-1.0,,,,no_config_or_error
/home/gaosh/projects/ZAsolar/results,G1573,/home/gaosh/projects/ZAsolar/results/G1573,AMBIGUOUS,False,,,,,,,,,,no_config_or_error
/home/gaosh/projects/ZAsolar/results,G1574,/home/gaosh/projects/ZAsolar/results/G1574,AMBIGUOUS,False,,,,,,,,,,no_config_or_error
/home/gaosh/projects/ZAsolar/results,G1578,/home/gaosh/projects/ZAsolar/results/G1578,AMBIGUOUS,False,,,,,,,,,,no_config_or_error
/home/gaosh/projects/ZAsolar/results,G1579,/home/gaosh/projects/ZAsolar/results/G1579,AMBIGUOUS,False,,,,,,,,,,no_config_or_error
/home/gaosh/projects/ZAsolar/results,G1580,/home/gaosh/projects/ZAsolar/results/G1580,AMBIGUOUS,False,,,,,,,,,,no_config_or_error
/home/gaosh/projects/ZAsolar/results,G1600,/home/gaosh/projects/ZAsolar/results/G1600,AMBIGUOUS,False,,,,,,,,,,no_config_or_error
/home/gaosh/projects/ZAsolar/results,G1601,/home/gaosh/projects/ZAsolar/results/G1601,AMBIGUOUS,False,,,,,,,,,,no_config_or_error
/home/gaosh/projects/ZAsolar/results,G1602,/home/gaosh/projects/ZAsolar/results/G1602,AMBIGUOUS,False,,,,,,,,,,no_config_or_error
/home/gaosh/projects/ZAsolar/results,G1603,/home/gaosh/projects/ZAsolar/results/G1603,AMBIGUOUS,False,,,,,,,,,,no_config_or_error
/home/gaosh/projects/ZAsolar/results,G1604,/home/gaosh/projects/ZAsolar/results/G1604,AMBIGUOUS,False,,,,,,,,,,no_config_or_error
/home/gaosh/projects/ZAsolar/results,G1625,/home/gaosh/projects/ZAsolar/results/G1625,AMBIGUOUS,False,,,,,,,,,,no_config_or_error
/home/gaosh/projects/ZAsolar/results,G1626,/home/gaosh/projects/ZAsolar/results/G1626,AMBIGUOUS,False,,,,,,,,,,no_config_or_error
/home/gaosh/projects/ZAsolar/results,G1627,/home/gaosh/projects/ZAsolar/results/G1627,AMBIGUOUS,False,,,,,,,,,,no_config_or_error
/home/gaosh/projects/ZAsolar/results,G1628,/home/gaosh/projects/ZAsolar/results/G1628,AMBIGUOUS,False,,,,,,,,,,no_config_or_error
/home/gaosh/projects/ZAsolar/results,G1629,/home/gaosh/projects/ZAsolar/results/G1629,AMBIGUOUS,False,,,,,,,,,,no_config_or_error
/home/gaosh/projects/ZAsolar/results,G1630,/home/gaosh/projects/ZAsolar/results/G1630,AMBIGUOUS,False,,,,,,,,,,no_config_or_error
/home/gaosh/projects/ZAsolar/results,G1631,/home/gaosh/projects/ZAsolar/results/G1631,AMBIGUOUS,False,,,,,,,,,,no_config_or_error
/home/gaosh/projects/ZAsolar/results,G1632,/home/gaosh/projects/ZAsolar/results/G1632,AMBIGUOUS,False,,,,,,,,,,no_config_or_error
/home/gaosh/projects/ZAsolar/results,G1633,/home/gaosh/projects/ZAsolar/results/G1633,AMBIGUOUS,False,,,,,,,,,,no_config_or_error
/home/gaosh/projects/ZAsolar/results,G1634,/home/gaosh/projects/ZAsolar/results/G1634,AMBIGUOUS,False,,,,,,,,,,no_config_or_error
/home/gaosh/projects/ZAsolar/results,G1635,/home/gaosh/projects/ZAsolar/results/G1635,AMBIGUOUS,False,,,,,,,,,,no_config_or_error
/home/gaosh/projects/ZAsolar/results,G1682,/home/gaosh/projects/ZAsolar/results/G1682,AMBIGUOUS,True,checkpoints_cleaned,unknown,/mnt/d/ZAsolar/tiles/G1682,/home/gaosh/projects/ZAsolar/checkpoints_cleaned/best_model.pth,49.0,49.0,2026-03-25T10:19:11.851772+00:00,,,legacy_checkpoints_cleaned_defer
/home/gaosh/projects/ZAsolar/results,G1683,/home/gaosh/projects/ZAsolar/results/G1683,AMBIGUOUS,True,checkpoints_cleaned,unknown,/mnt/d/ZAsolar/tiles/G1683,/home/gaosh/projects/ZAsolar/checkpoints_cleaned/best_model.pth,3.0,3.0,2026-03-25T10:27:11.841643+00:00,,,legacy_checkpoints_cleaned_defer
/home/gaosh/projects/ZAsolar/results,G1685,/home/gaosh/projects/ZAsolar/results/G1685,AMBIGUOUS,True,checkpoints_cleaned,unknown,/mnt/d/ZAsolar/tiles/G1685,/home/gaosh/projects/ZAsolar/checkpoints_cleaned/best_model.pth,53.0,53.0,2026-03-25T10:35:31.317774+00:00,,,legacy_checkpoints_cleaned_defer
/home/gaosh/projects/ZAsolar/results,G1686,/home/gaosh/projects/ZAsolar/results/G1686,AMBIGUOUS,True,checkpoints_cleaned,unknown,/mnt/d/ZAsolar/tiles/G1686,/home/gaosh/projects/ZAsolar/checkpoints_cleaned/best_model.pth,131.0,131.0,2026-03-25T06:00:04.200157+00:00,,,legacy_checkpoints_cleaned_defer
/home/gaosh/projects/ZAsolar/results,G1687,/home/gaosh/projects/ZAsolar/results/G1687,AMBIGUOUS,True,checkpoints_cleaned,unknown,/mnt/d/ZAsolar/tiles/G1687,/home/gaosh/projects/ZAsolar/checkpoints_cleaned/best_model.pth,279.0,279.0,2026-03-25T08:07:21.081940+00:00,,,legacy_checkpoints_cleaned_defer
/home/gaosh/projects/ZAsolar/results,G1688,/home/gaosh/projects/ZAsolar/results/G1688,AMBIGUOUS,True,checkpoints_cleaned,unknown,/mnt/d/ZAsolar/tiles/G1688,/home/gaosh/projects/ZAsolar/checkpoints_cleaned/best_model.pth,386.0,386.0,2026-03-25T10:44:39.843313+00:00,,,legacy_checkpoints_cleaned_defer
/home/gaosh/projects/ZAsolar/results,G1689,/home/gaosh/projects/ZAsolar/results/G1689,AMBIGUOUS,True,checkpoints_cleaned,unknown,/mnt/d/ZAsolar/tiles/G1689,/home/gaosh/projects/ZAsolar/checkpoints_cleaned/best_model.pth,218.0,218.0,2026-03-27T08:46:33.173422+00:00,,,legacy_checkpoints_cleaned_defer
/home/gaosh/projects/ZAsolar/results,G1690,/home/gaosh/projects/ZAsolar/results/G1690,AMBIGUOUS,True,checkpoints_cleaned,unknown,/mnt/d/ZAsolar/tiles/G1690,/home/gaosh/projects/ZAsolar/checkpoints_cleaned/best_model.pth,214.0,214.0,2026-03-27T08:54:43.435018+00:00,,,legacy_checkpoints_cleaned_defer
/home/gaosh/projects/ZAsolar/results,G1691,/home/gaosh/projects/ZAsolar/results/G1691,AMBIGUOUS,True,checkpoints_cleaned,unknown,/mnt/d/ZAsolar/tiles/G1691,/home/gaosh/projects/ZAsolar/checkpoints_cleaned/best_model.pth,202.0,202.0,2026-03-27T09:02:42.813735+00:00,,,legacy_checkpoints_cleaned_defer
/home/gaosh/projects/ZAsolar/results,G1692,/home/gaosh/projects/ZAsolar/results/G1692,AMBIGUOUS,True,checkpoints_cleaned,unknown,/mnt/d/ZAsolar/tiles/G1692,/home/gaosh/projects/ZAsolar/checkpoints_cleaned/best_model.pth,85.0,85.0,2026-03-27T09:10:21.641802+00:00,,,legacy_checkpoints_cleaned_defer
/home/gaosh/projects/ZAsolar/results,G1693,/home/gaosh/projects/ZAsolar/results/G1693,AMBIGUOUS,True,checkpoints_cleaned,unknown,/mnt/d/ZAsolar/tiles/G1693,/home/gaosh/projects/ZAsolar/checkpoints_cleaned/best_model.pth,44.0,44.0,2026-03-27T09:17:38.865530+00:00,,,legacy_checkpoints_cleaned_defer
/home/gaosh/projects/ZAsolar/results,G1741,/home/gaosh/projects/ZAsolar/results/G1741,AMBIGUOUS,True,checkpoints_cleaned,unknown,/mnt/d/ZAsolar/tiles/G1741,/home/gaosh/projects/ZAsolar/checkpoints_cleaned/best_model.pth,63.0,63.0,2026-03-25T11:44:13.776921+00:00,,,legacy_checkpoints_cleaned_defer
/home/gaosh/projects/ZAsolar/results,G1743,/home/gaosh/projects/ZAsolar/results/G1743,AMBIGUOUS,True,checkpoints_cleaned,unknown,/mnt/d/ZAsolar/tiles/G1743,/home/gaosh/projects/ZAsolar/checkpoints_cleaned/best_model.pth,220.0,220.0,2026-03-26T09:25:29.659216+00:00,,,legacy_checkpoints_cleaned_defer
/home/gaosh/projects/ZAsolar/results,G1744,/home/gaosh/projects/ZAsolar/results/G1744,AMBIGUOUS,True,checkpoints_cleaned,unknown,/mnt/d/ZAsolar/tiles/G1744,/home/gaosh/projects/ZAsolar/checkpoints_cleaned/best_model.pth,74.0,74.0,2026-03-26T09:33:10.297641+00:00,,,legacy_checkpoints_cleaned_defer
/home/gaosh/projects/ZAsolar/results,G1747,/home/gaosh/projects/ZAsolar/results/G1747,AMBIGUOUS,True,checkpoints_cleaned,unknown,/mnt/d/ZAsolar/tiles/G1747,/home/gaosh/projects/ZAsolar/checkpoints_cleaned/best_model.pth,18.0,18.0,2026-03-26T09:40:34.905596+00:00,,,legacy_checkpoints_cleaned_defer
/home/gaosh/projects/ZAsolar/results,G1749,/home/gaosh/projects/ZAsolar/results/G1749,AMBIGUOUS,True,checkpoints_cleaned,unknown,/mnt/d/ZAsolar/tiles/G1749,/home/gaosh/projects/ZAsolar/checkpoints_cleaned/best_model.pth,153.0,153.0,2026-03-26T09:48:25.364324+00:00,,,legacy_checkpoints_cleaned_defer
/home/gaosh/projects/ZAsolar/results,G1750,/home/gaosh/projects/ZAsolar/results/G1750,AMBIGUOUS,True,checkpoints_cleaned,unknown,/mnt/d/ZAsolar/tiles/G1750,/home/gaosh/projects/ZAsolar/checkpoints_cleaned/best_model.pth,21.0,21.0,2026-03-26T09:56:27.850802+00:00,,,legacy_checkpoints_cleaned_defer
/home/gaosh/projects/ZAsolar/results,G1798,/home/gaosh/projects/ZAsolar/results/G1798,AMBIGUOUS,True,checkpoints_cleaned,unknown,/mnt/d/ZAsolar/tiles/G1798,/home/gaosh/projects/ZAsolar/checkpoints_cleaned/best_model.pth,115.0,115.0,2026-03-26T10:14:19.352622+00:00,,,legacy_checkpoints_cleaned_defer
/home/gaosh/projects/ZAsolar/results,G1800,/home/gaosh/projects/ZAsolar/results/G1800,AMBIGUOUS,True,checkpoints_cleaned,unknown,/mnt/d/ZAsolar/tiles/G1800,/home/gaosh/projects/ZAsolar/checkpoints_cleaned/best_model.pth,217.0,217.0,2026-03-26T10:34:29.376189+00:00,,,legacy_checkpoints_cleaned_defer
/home/gaosh/projects/ZAsolar/results,G1801,/home/gaosh/projects/ZAsolar/results/G1801,AMBIGUOUS,True,checkpoints_cleaned,unknown,/mnt/d/ZAsolar/tiles/G1801,/home/gaosh/projects/ZAsolar/checkpoints_cleaned/best_model.pth,1.0,1.0,2026-03-26T10:51:22.990521+00:00,,,legacy_checkpoints_cleaned_defer
/home/gaosh/projects/ZAsolar/results,G1806,/home/gaosh/projects/ZAsolar/results/G1806,AMBIGUOUS,True,checkpoints_cleaned,unknown,/mnt/d/ZAsolar/tiles/G1806,/home/gaosh/projects/ZAsolar/checkpoints_cleaned/best_model.pth,54.0,54.0,2026-03-26T11:13:27.172653+00:00,,,legacy_checkpoints_cleaned_defer
/home/gaosh/projects/ZAsolar/results,G1807,/home/gaosh/projects/ZAsolar/results/G1807,AMBIGUOUS,True,checkpoints_cleaned,unknown,/mnt/d/ZAsolar/tiles/G1807,/home/gaosh/projects/ZAsolar/checkpoints_cleaned/best_model.pth,7.0,7.0,2026-03-26T11:23:58.244887+00:00,,,legacy_checkpoints_cleaned_defer
/home/gaosh/projects/ZAsolar/results,G1855,/home/gaosh/projects/ZAsolar/results/G1855,AMBIGUOUS,False,,,,,,,,,,no_config_or_error
/home/gaosh/projects/ZAsolar/results,G1856,/home/gaosh/projects/ZAsolar/results/G1856,AMBIGUOUS,False,,,,,,,,,,no_config_or_error
/home/gaosh/projects/ZAsolar/results,G1862,/home/gaosh/projects/ZAsolar/results/G1862,AMBIGUOUS,False,,,,,,,,,,no_config_or_error
/home/gaosh/projects/ZAsolar/results,G1863,/home/gaosh/projects/ZAsolar/results/G1863,AMBIGUOUS,False,,,,,,,,,,no_config_or_error
/home/gaosh/projects/ZAsolar/results,G1864,/home/gaosh/projects/ZAsolar/results/G1864,AMBIGUOUS,False,,,,,,,,,,no_config_or_error
/home/gaosh/projects/ZAsolar/results,G1909,/home/gaosh/projects/ZAsolar/results/G1909,AMBIGUOUS,False,,,,,,,,,,no_config_or_error
/home/gaosh/projects/ZAsolar/results,G1910,/home/gaosh/projects/ZAsolar/results/G1910,AMBIGUOUS,False,,,,,,,,,,no_config_or_error
/home/gaosh/projects/ZAsolar/results,G1911,/home/gaosh/projects/ZAsolar/results/G1911,AMBIGUOUS,False,,,,,,,,,,no_config_or_error
/home/gaosh/projects/ZAsolar/results,G1917,/home/gaosh/projects/ZAsolar/results/G1917,AMBIGUOUS,False,,,,,,,,,,no_config_or_error
/home/gaosh/projects/ZAsolar/results,G1918,/home/gaosh/projects/ZAsolar/results/G1918,AMBIGUOUS,False,,,,,,,,,,no_config_or_error
/home/gaosh/projects/ZAsolar/results,G1919,/home/gaosh/projects/ZAsolar/results/G1919,AMBIGUOUS,False,,,,,,,,,,no_config_or_error
/home/gaosh/projects/ZAsolar/results,G1920,/home/gaosh/projects/ZAsolar/results/G1920,AMBIGUOUS,False,,,,,,,,,,no_config_or_error
/home/gaosh/projects/ZAsolar/results,G1921,/home/gaosh/projects/ZAsolar/results/G1921,AMBIGUOUS,False,,,,,,,,,,no_config_or_error
/home/gaosh/projects/ZAsolar/results,G1966,/home/gaosh/projects/ZAsolar/results/G1966,AMBIGUOUS,False,,,,,,,,,,no_config_or_error
/home/gaosh/projects/ZAsolar/results,G1970,/home/gaosh/projects/ZAsolar/results/G1970,AMBIGUOUS,False,,,,,,,,,,no_config_or_error
/home/gaosh/projects/ZAsolar/results,G1971,/home/gaosh/projects/ZAsolar/results/G1971,AMBIGUOUS,False,,,,,,,,,,no_config_or_error
/home/gaosh/projects/ZAsolar/results,G1972,/home/gaosh/projects/ZAsolar/results/G1972,AMBIGUOUS,False,,,,,,,,,,no_config_or_error
/home/gaosh/projects/ZAsolar/results,G1973,/home/gaosh/projects/ZAsolar/results/G1973,AMBIGUOUS,False,,,,,,,,,,no_config_or_error
/home/gaosh/projects/ZAsolar/results,G1974,/home/gaosh/projects/ZAsolar/results/G1974,AMBIGUOUS,False,,,,,,,,,,no_config_or_error
/home/gaosh/projects/ZAsolar/results,G1975,/home/gaosh/projects/ZAsolar/results/G1975,AMBIGUOUS,False,,,,,,,,,,no_config_or_error
/home/gaosh/projects/ZAsolar/results,G1976,/home/gaosh/projects/ZAsolar/results/G1976,AMBIGUOUS,False,,,,,,,,,,no_config_or_error
/home/gaosh/projects/ZAsolar/results,G1977,/home/gaosh/projects/ZAsolar/results/G1977,AMBIGUOUS,False,,,,,,,,,,no_config_or_error
/home/gaosh/projects/ZAsolar/results,G1979,/home/gaosh/projects/ZAsolar/results/G1979,AMBIGUOUS,False,,,,,,,,,,no_config_or_error
/home/gaosh/projects/ZAsolar/results,G1981,/home/gaosh/projects/ZAsolar/results/G1981,AMBIGUOUS,False,,,,,,,,,,no_config_or_error
/home/gaosh/projects/ZAsolar/results,G2025,/home/gaosh/projects/ZAsolar/results/G2025,AMBIGUOUS,False,,,,,,,,,,no_config_or_error
/home/gaosh/projects/ZAsolar/results,G2026,/home/gaosh/projects/ZAsolar/results/G2026,AMBIGUOUS,False,,,,,,,,,,no_config_or_error
/home/gaosh/projects/ZAsolar/results,G2027,/home/gaosh/projects/ZAsolar/results/G2027,AMBIGUOUS,False,,,,,,,,,,no_config_or_error
/home/gaosh/projects/ZAsolar/results,G2028,/home/gaosh/projects/ZAsolar/results/G2028,AMBIGUOUS,False,,,,,,,,,,no_config_or_error
/home/gaosh/projects/ZAsolar/results,G2029,/home/gaosh/projects/ZAsolar/results/G2029,AMBIGUOUS,False,,,,,,,,,,no_config_or_error
/home/gaosh/projects/ZAsolar/results,G2030,/home/gaosh/projects/ZAsolar/results/G2030,AMBIGUOUS,False,,,,,,,,,,no_config_or_error
/home/gaosh/projects/ZAsolar/results,G2031,/home/gaosh/projects/ZAsolar/results/G2031,AMBIGUOUS,False,,,,,,,,,,no_config_or_error
/home/gaosh/projects/ZAsolar/results,G2032,/home/gaosh/projects/ZAsolar/results/G2032,AMBIGUOUS,False,,,,,,,,,,no_config_or_error
/home/gaosh/projects/ZAsolar/results,G2033,/home/gaosh/projects/ZAsolar/results/G2033,AMBIGUOUS,False,,,,,,,,,,no_config_or_error
/home/gaosh/projects/ZAsolar/results,G2034,/home/gaosh/projects/ZAsolar/results/G2034,AMBIGUOUS,False,,,,,,,,,,no_config_or_error
/home/gaosh/projects/ZAsolar/results,G2035,/home/gaosh/projects/ZAsolar/results/G2035,AMBIGUOUS,False,,,,,,,,,,no_config_or_error
/home/gaosh/projects/ZAsolar/results,G2037,/home/gaosh/projects/ZAsolar/results/G2037,AMBIGUOUS,False,,,,,,,,,,no_config_or_error
/home/gaosh/projects/ZAsolar/results,G2038,/home/gaosh/projects/ZAsolar/results/G2038,AMBIGUOUS,False,,,,,,,,,,no_config_or_error
/home/gaosh/projects/ZAsolar/results_joburg,G0772,/home/gaosh/projects/ZAsolar/results_joburg/G0772,johannesburg,True,exp004_v4_hn,aerial,/dev/shm/tiles_joburg/G0772,/workspace/checkpoints/exp004_v4_hn/best_model.pth,25.0,25.0,2026-04-05T06:21:57.587783+00:00,johannesburg,v4_aerial_2023,V4 on JHB aerial
/home/gaosh/projects/ZAsolar/results_joburg,G0773,/home/gaosh/projects/ZAsolar/results_joburg/G0773,johannesburg,True,exp004_v4_hn,aerial,/dev/shm/tiles_joburg/G0773,/workspace/checkpoints/exp004_v4_hn/best_model.pth,14.0,14.0,2026-04-05T06:21:34.446111+00:00,johannesburg,v4_aerial_2023,V4 on JHB aerial
/home/gaosh/projects/ZAsolar/results_joburg,G0774,/home/gaosh/projects/ZAsolar/results_joburg/G0774,johannesburg,True,exp004_v4_hn,aerial,/dev/shm/tiles_joburg/G0774,/workspace/checkpoints/exp004_v4_hn/best_model.pth,52.0,52.0,2026-04-05T06:21:52.192380+00:00,johannesburg,v4_aerial_2023,V4 on JHB aerial
/home/gaosh/projects/ZAsolar/results_joburg,G0775,/home/gaosh/projects/ZAsolar/results_joburg/G0775,johannesburg,True,exp004_v4_hn,aerial,/dev/shm/tiles_joburg/G0775,/workspace/checkpoints/exp004_v4_hn/best_model.pth,35.0,35.0,2026-04-05T06:21:46.164516+00:00,johannesburg,v4_aerial_2023,V4 on JHB aerial
/home/gaosh/projects/ZAsolar/results_joburg,G0776,/home/gaosh/projects/ZAsolar/results_joburg/G0776,johannesburg,True,exp004_v4_hn,aerial,/dev/shm/tiles_joburg/G0776,/workspace/checkpoints/exp004_v4_hn/best_model.pth,30.0,30.0,2026-04-05T06:21:31.973459+00:00,johannesburg,v4_aerial_2023,V4 on JHB aerial
/home/gaosh/projects/ZAsolar/results_joburg,G0814,/home/gaosh/projects/ZAsolar/results_joburg/G0814,johannesburg,True,exp004_v4_hn,aerial,/dev/shm/tiles_joburg/G0814,/workspace/checkpoints/exp004_v4_hn/best_model.pth,53.0,53.0,2026-04-05T06:21:57.775849+00:00,johannesburg,v4_aerial_2023,V4 on JHB aerial
/home/gaosh/projects/ZAsolar/results_joburg,G0815,/home/gaosh/projects/ZAsolar/results_joburg/G0815,johannesburg,True,exp004_v4_hn,aerial,/dev/shm/tiles_joburg/G0815,/workspace/checkpoints/exp004_v4_hn/best_model.pth,14.0,14.0,2026-04-05T06:21:52.359934+00:00,johannesburg,v4_aerial_2023,V4 on JHB aerial
/home/gaosh/projects/ZAsolar/results_joburg,G0816,/home/gaosh/projects/ZAsolar/results_joburg/G0816,johannesburg,True,exp004_v4_hn,aerial,/dev/shm/tiles_joburg/G0816,/workspace/checkpoints/exp004_v4_hn/best_model.pth,66.0,66.0,2026-04-05T06:23:05.155963+00:00,johannesburg,v4_aerial_2023,V4 on JHB aerial
/home/gaosh/projects/ZAsolar/results_joburg,G0817,/home/gaosh/projects/ZAsolar/results_joburg/G0817,johannesburg,True,exp004_v4_hn,aerial,/dev/shm/tiles_joburg/G0817,/workspace/checkpoints/exp004_v4_hn/best_model.pth,58.0,58.0,2026-04-05T06:23:11.656173+00:00,johannesburg,v4_aerial_2023,V4 on JHB aerial
/home/gaosh/projects/ZAsolar/results_joburg,G0818,/home/gaosh/projects/ZAsolar/results_joburg/G0818,johannesburg,True,exp004_v4_hn,aerial,/dev/shm/tiles_joburg/G0818,/workspace/checkpoints/exp004_v4_hn/best_model.pth,43.0,43.0,2026-04-05T06:23:05.343818+00:00,johannesburg,v4_aerial_2023,V4 on JHB aerial
/home/gaosh/projects/ZAsolar/results_joburg,G0853,/home/gaosh/projects/ZAsolar/results_joburg/G0853,johannesburg,True,exp004_v4_hn,aerial,/dev/shm/tiles_joburg/G0853,/workspace/checkpoints/exp004_v4_hn/best_model.pth,22.0,22.0,2026-04-05T06:23:14.724190+00:00,johannesburg,v4_aerial_2023,V4 on JHB aerial
/home/gaosh/projects/ZAsolar/results_joburg,G0854,/home/gaosh/projects/ZAsolar/results_joburg/G0854,johannesburg,True,exp004_v4_hn,aerial,/dev/shm/tiles_joburg/G0854,/workspace/checkpoints/exp004_v4_hn/best_model.pth,41.0,41.0,2026-04-05T06:23:15.265943+00:00,johannesburg,v4_aerial_2023,V4 on JHB aerial
/home/gaosh/projects/ZAsolar/results_joburg,G0855,/home/gaosh/projects/ZAsolar/results_joburg/G0855,johannesburg,True,exp004_v4_hn,aerial,/dev/shm/tiles_joburg/G0855,/workspace/checkpoints/exp004_v4_hn/best_model.pth,28.0,28.0,2026-04-05T06:23:20.821634+00:00,johannesburg,v4_aerial_2023,V4 on JHB aerial
/home/gaosh/projects/ZAsolar/results_joburg,G0856,/home/gaosh/projects/ZAsolar/results_joburg/G0856,johannesburg,True,exp004_v4_hn,aerial,/dev/shm/tiles_joburg/G0856,/workspace/checkpoints/exp004_v4_hn/best_model.pth,31.0,31.0,2026-04-05T06:23:18.995880+00:00,johannesburg,v4_aerial_2023,V4 on JHB aerial
/home/gaosh/projects/ZAsolar/results_joburg,G0857,/home/gaosh/projects/ZAsolar/results_joburg/G0857,johannesburg,True,exp004_v4_hn,aerial,/dev/shm/tiles_joburg/G0857,/workspace/checkpoints/exp004_v4_hn/best_model.pth,39.0,39.0,2026-04-05T06:24:43.017326+00:00,johannesburg,v4_aerial_2023,V4 on JHB aerial
/home/gaosh/projects/ZAsolar/results_joburg,G0888,/home/gaosh/projects/ZAsolar/results_joburg/G0888,johannesburg,True,exp004_v4_hn,aerial,/dev/shm/tiles_joburg/G0888,/workspace/checkpoints/exp004_v4_hn/best_model.pth,34.0,34.0,2026-04-05T06:24:35.551684+00:00,johannesburg,v4_aerial_2023,V4 on JHB aerial
/home/gaosh/projects/ZAsolar/results_joburg,G0889,/home/gaosh/projects/ZAsolar/results_joburg/G0889,johannesburg,True,exp004_v4_hn,aerial,/dev/shm/tiles_joburg/G0889,/workspace/checkpoints/exp004_v4_hn/best_model.pth,56.0,56.0,2026-04-05T06:24:50.716263+00:00,johannesburg,v4_aerial_2023,V4 on JHB aerial
/home/gaosh/projects/ZAsolar/results_joburg,G0890,/home/gaosh/projects/ZAsolar/results_joburg/G0890,johannesburg,True,exp004_v4_hn,aerial,/dev/shm/tiles_joburg/G0890,/workspace/checkpoints/exp004_v4_hn/best_model.pth,53.0,53.0,2026-04-05T06:24:53.196514+00:00,johannesburg,v4_aerial_2023,V4 on JHB aerial
/home/gaosh/projects/ZAsolar/results_joburg,G0891,/home/gaosh/projects/ZAsolar/results_joburg/G0891,johannesburg,True,exp004_v4_hn,aerial,/dev/shm/tiles_joburg/G0891,/workspace/checkpoints/exp004_v4_hn/best_model.pth,15.0,15.0,2026-04-05T06:24:51.990932+00:00,johannesburg,v4_aerial_2023,V4 on JHB aerial
/home/gaosh/projects/ZAsolar/results_joburg,G0892,/home/gaosh/projects/ZAsolar/results_joburg/G0892,johannesburg,True,exp004_v4_hn,aerial,/dev/shm/tiles_joburg/G0892,/workspace/checkpoints/exp004_v4_hn/best_model.pth,11.0,11.0,2026-04-05T06:24:48.219191+00:00,johannesburg,v4_aerial_2023,V4 on JHB aerial
/home/gaosh/projects/ZAsolar/results_joburg,G0922,/home/gaosh/projects/ZAsolar/results_joburg/G0922,johannesburg,True,exp004_v4_hn,aerial,/dev/shm/tiles_joburg/G0922,/workspace/checkpoints/exp004_v4_hn/best_model.pth,100.0,100.0,2026-04-05T06:24:56.115802+00:00,johannesburg,v4_aerial_2023,V4 on JHB aerial
/home/gaosh/projects/ZAsolar/results_joburg,G0923,/home/gaosh/projects/ZAsolar/results_joburg/G0923,johannesburg,True,exp004_v4_hn,aerial,/dev/shm/tiles_joburg/G0923,/workspace/checkpoints/exp004_v4_hn/best_model.pth,84.0,84.0,2026-04-05T06:25:31.970122+00:00,johannesburg,v4_aerial_2023,V4 on JHB aerial
/home/gaosh/projects/ZAsolar/results_joburg,G0924,/home/gaosh/projects/ZAsolar/results_joburg/G0924,johannesburg,True,exp004_v4_hn,aerial,/dev/shm/tiles_joburg/G0924,/workspace/checkpoints/exp004_v4_hn/best_model.pth,53.0,53.0,2026-04-05T06:25:32.373952+00:00,johannesburg,v4_aerial_2023,V4 on JHB aerial
/home/gaosh/projects/ZAsolar/results_joburg,G0925,/home/gaosh/projects/ZAsolar/results_joburg/G0925,johannesburg,True,exp004_v4_hn,aerial,/dev/shm/tiles_joburg/G0925,/workspace/checkpoints/exp004_v4_hn/best_model.pth,30.0,30.0,2026-04-05T06:25:35.427363+00:00,johannesburg,v4_aerial_2023,V4 on JHB aerial
/home/gaosh/projects/ZAsolar/results_joburg,G0926,/home/gaosh/projects/ZAsolar/results_joburg/G0926,johannesburg,True,exp004_v4_hn,aerial,/dev/shm/tiles_joburg/G0926,/workspace/checkpoints/exp004_v4_hn/best_model.pth,16.0,16.0,2026-04-05T06:25:34.063463+00:00,johannesburg,v4_aerial_2023,V4 on JHB aerial
/home/gaosh/projects/ZAsolar/results_joburg,G1110,/home/gaosh/projects/ZAsolar/results_joburg/G1110,johannesburg,True,exp004_v4_hn,aerial,/dev/shm/tiles_joburg/G1110,/workspace/checkpoints/exp004_v4_hn/best_model.pth,40.0,40.0,2026-04-05T06:26:57.371959+00:00,johannesburg,v4_aerial_2023,V4 on JHB aerial
/home/gaosh/projects/ZAsolar/results_joburg,G1111,/home/gaosh/projects/ZAsolar/results_joburg/G1111,johannesburg,True,exp004_v4_hn,aerial,/dev/shm/tiles_joburg/G1111,/workspace/checkpoints/exp004_v4_hn/best_model.pth,149.0,149.0,2026-04-05T06:27:19.415393+00:00,johannesburg,v4_aerial_2023,V4 on JHB aerial
/home/gaosh/projects/ZAsolar/results_joburg,G1112,/home/gaosh/projects/ZAsolar/results_joburg/G1112,johannesburg,True,exp004_v4_hn,aerial,/dev/shm/tiles_joburg/G1112,/workspace/checkpoints/exp004_v4_hn/best_model.pth,137.0,137.0,2026-04-05T06:27:28.245824+00:00,johannesburg,v4_aerial_2023,V4 on JHB aerial
/home/gaosh/projects/ZAsolar/results_joburg,G1113,/home/gaosh/projects/ZAsolar/results_joburg/G1113,johannesburg,True,exp004_v4_hn,aerial,/dev/shm/tiles_joburg/G1113,/workspace/checkpoints/exp004_v4_hn/best_model.pth,122.0,122.0,2026-04-05T06:27:28.115612+00:00,johannesburg,v4_aerial_2023,V4 on JHB aerial
/home/gaosh/projects/ZAsolar/results_joburg,G1114,/home/gaosh/projects/ZAsolar/results_joburg/G1114,johannesburg,True,exp004_v4_hn,aerial,/dev/shm/tiles_joburg/G1114,/workspace/checkpoints/exp004_v4_hn/best_model.pth,87.0,87.0,2026-04-05T06:27:22.984430+00:00,johannesburg,v4_aerial_2023,V4 on JHB aerial
/home/gaosh/projects/ZAsolar/results_joburg,G1144,/home/gaosh/projects/ZAsolar/results_joburg/G1144,johannesburg,True,exp004_v4_hn,aerial,/dev/shm/tiles_joburg/G1144,/workspace/checkpoints/exp004_v4_hn/best_model.pth,118.0,118.0,2026-04-05T06:27:20.914820+00:00,johannesburg,v4_aerial_2023,V4 on JHB aerial
/home/gaosh/projects/ZAsolar/results_joburg,G1145,/home/gaosh/projects/ZAsolar/results_joburg/G1145,johannesburg,True,exp004_v4_hn,aerial,/dev/shm/tiles_joburg/G1145,/workspace/checkpoints/exp004_v4_hn/best_model.pth,149.0,149.0,2026-04-05T06:27:24.579871+00:00,johannesburg,v4_aerial_2023,V4 on JHB aerial
/home/gaosh/projects/ZAsolar/results_joburg,G1146,/home/gaosh/projects/ZAsolar/results_joburg/G1146,johannesburg,True,exp004_v4_hn,aerial,/dev/shm/tiles_joburg/G1146,/workspace/checkpoints/exp004_v4_hn/best_model.pth,170.0,170.0,2026-04-05T06:28:34.029746+00:00,johannesburg,v4_aerial_2023,V4 on JHB aerial
/home/gaosh/projects/ZAsolar/results_joburg,G1147,/home/gaosh/projects/ZAsolar/results_joburg/G1147,johannesburg,True,exp004_v4_hn,aerial,/dev/shm/tiles_joburg/G1147,/workspace/checkpoints/exp004_v4_hn/best_model.pth,59.0,59.0,2026-04-05T06:28:44.946604+00:00,johannesburg,v4_aerial_2023,V4 on JHB aerial
/home/gaosh/projects/ZAsolar/results_joburg,G1148,/home/gaosh/projects/ZAsolar/results_joburg/G1148,johannesburg,True,exp004_v4_hn,aerial,/dev/shm/tiles_joburg/G1148,/workspace/checkpoints/exp004_v4_hn/best_model.pth,56.0,56.0,2026-04-05T06:28:51.788317+00:00,johannesburg,v4_aerial_2023,V4 on JHB aerial
/home/gaosh/projects/ZAsolar/results_joburg,G1151,/home/gaosh/projects/ZAsolar/results_joburg/G1151,johannesburg,True,exp004_v4_hn,aerial,/dev/shm/tiles_joburg/G1151,/workspace/checkpoints/exp004_v4_hn/best_model.pth,58.0,58.0,2026-04-05T06:33:07.786418+00:00,johannesburg,v4_aerial_2023,V4 on JHB aerial
/home/gaosh/projects/ZAsolar/results_joburg,G1152,/home/gaosh/projects/ZAsolar/results_joburg/G1152,johannesburg,True,exp004_v4_hn,aerial,/dev/shm/tiles_joburg/G1152,/workspace/checkpoints/exp004_v4_hn/best_model.pth,60.0,60.0,2026-04-05T06:33:13.951144+00:00,johannesburg,v4_aerial_2023,V4 on JHB aerial
/home/gaosh/projects/ZAsolar/results_joburg,G1153,/home/gaosh/projects/ZAsolar/results_joburg/G1153,johannesburg,True,exp004_v4_hn,aerial,/dev/shm/tiles_joburg/G1153,/workspace/checkpoints/exp004_v4_hn/best_model.pth,12.0,12.0,2026-04-05T06:32:57.749605+00:00,johannesburg,v4_aerial_2023,V4 on JHB aerial
/home/gaosh/projects/ZAsolar/results_joburg,G1154,/home/gaosh/projects/ZAsolar/results_joburg/G1154,johannesburg,True,exp004_v4_hn,aerial,/dev/shm/tiles_joburg/G1154,/workspace/checkpoints/exp004_v4_hn/best_model.pth,12.0,12.0,2026-04-05T06:32:49.455834+00:00,johannesburg,v4_aerial_2023,V4 on JHB aerial
/home/gaosh/projects/ZAsolar/results_joburg,G1155,/home/gaosh/projects/ZAsolar/results_joburg/G1155,johannesburg,True,exp004_v4_hn,aerial,/dev/shm/tiles_joburg/G1155,/workspace/checkpoints/exp004_v4_hn/best_model.pth,14.0,14.0,2026-04-05T06:32:44.599404+00:00,johannesburg,v4_aerial_2023,V4 on JHB aerial
/home/gaosh/projects/ZAsolar/results_joburg,G1179,/home/gaosh/projects/ZAsolar/results_joburg/G1179,johannesburg,True,exp004_v4_hn,aerial,/dev/shm/tiles_joburg/G1179,/workspace/checkpoints/exp004_v4_hn/best_model.pth,130.0,130.0,2026-04-05T06:29:02.323415+00:00,johannesburg,v4_aerial_2023,V4 on JHB aerial
/home/gaosh/projects/ZAsolar/results_joburg,G1180,/home/gaosh/projects/ZAsolar/results_joburg/G1180,johannesburg,True,exp004_v4_hn,aerial,/dev/shm/tiles_joburg/G1180,/workspace/checkpoints/exp004_v4_hn/best_model.pth,85.0,85.0,2026-04-05T06:28:56.968386+00:00,johannesburg,v4_aerial_2023,V4 on JHB aerial
/home/gaosh/projects/ZAsolar/results_joburg,G1181,/home/gaosh/projects/ZAsolar/results_joburg/G1181,johannesburg,True,exp004_v4_hn,aerial,/dev/shm/tiles_joburg/G1181,/workspace/checkpoints/exp004_v4_hn/best_model.pth,150.0,150.0,2026-04-05T06:29:07.355698+00:00,johannesburg,v4_aerial_2023,V4 on JHB aerial
/home/gaosh/projects/ZAsolar/results_joburg,G1182,/home/gaosh/projects/ZAsolar/results_joburg/G1182,johannesburg,True,exp004_v4_hn,aerial,/dev/shm/tiles_joburg/G1182,/workspace/checkpoints/exp004_v4_hn/best_model.pth,100.0,100.0,2026-04-05T06:29:02.845209+00:00,johannesburg,v4_aerial_2023,V4 on JHB aerial
/home/gaosh/projects/ZAsolar/results_joburg,G1183,/home/gaosh/projects/ZAsolar/results_joburg/G1183,johannesburg,True,exp004_v4_hn,aerial,/dev/shm/tiles_joburg/G1183,/workspace/checkpoints/exp004_v4_hn/best_model.pth,34.0,34.0,2026-04-05T06:30:07.282718+00:00,johannesburg,v4_aerial_2023,V4 on JHB aerial
/home/gaosh/projects/ZAsolar/results_joburg,G1186,/home/gaosh/projects/ZAsolar/results_joburg/G1186,johannesburg,True,exp004_v4_hn,aerial,/dev/shm/tiles_joburg/G1186,/workspace/checkpoints/exp004_v4_hn/best_model.pth,39.0,39.0,2026-04-05T06:33:06.775058+00:00,johannesburg,v4_aerial_2023,V4 on JHB aerial
/home/gaosh/projects/ZAsolar/results_joburg,G1187,/home/gaosh/projects/ZAsolar/results_joburg/G1187,johannesburg,True,exp004_v4_hn,aerial,/dev/shm/tiles_joburg/G1187,/workspace/checkpoints/exp004_v4_hn/best_model.pth,53.0,53.0,2026-04-05T06:33:16.554516+00:00,johannesburg,v4_aerial_2023,V4 on JHB aerial
/home/gaosh/projects/ZAsolar/results_joburg,G1188,/home/gaosh/projects/ZAsolar/results_joburg/G1188,johannesburg,True,exp004_v4_hn,aerial,/dev/shm/tiles_joburg/G1188,/workspace/checkpoints/exp004_v4_hn/best_model.pth,10.0,10.0,2026-04-05T06:34:18.291032+00:00,johannesburg,v4_aerial_2023,V4 on JHB aerial
/home/gaosh/projects/ZAsolar/results_joburg,G1189,/home/gaosh/projects/ZAsolar/results_joburg/G1189,cape_town,True,exp004_v4_hn,aerial,/dev/shm/tiles_joburg/G1189,/workspace/checkpoints/exp004_v4_hn/best_model.pth,5.0,5.0,2026-04-05T06:34:23.687825+00:00,johannesburg,v4_aerial_2023,V4 on JHB aerial
/home/gaosh/projects/ZAsolar/results_joburg,G1190,/home/gaosh/projects/ZAsolar/results_joburg/G1190,cape_town,True,exp004_v4_hn,aerial,/dev/shm/tiles_joburg/G1190,/workspace/checkpoints/exp004_v4_hn/best_model.pth,14.0,14.0,2026-04-05T06:34:38.258997+00:00,johannesburg,v4_aerial_2023,V4 on JHB aerial
/home/gaosh/projects/ZAsolar/results_joburg,G1214,/home/gaosh/projects/ZAsolar/results_joburg/G1214,johannesburg,True,exp004_v4_hn,aerial,/dev/shm/tiles_joburg/G1214,/workspace/checkpoints/exp004_v4_hn/best_model.pth,55.0,55.0,2026-04-05T06:30:13.352479+00:00,johannesburg,v4_aerial_2023,V4 on JHB aerial
/home/gaosh/projects/ZAsolar/results_joburg,G1215,/home/gaosh/projects/ZAsolar/results_joburg/G1215,johannesburg,True,exp004_v4_hn,aerial,/dev/shm/tiles_joburg/G1215,/workspace/checkpoints/exp004_v4_hn/best_model.pth,111.0,111.0,2026-04-05T06:30:18.315149+00:00,johannesburg,v4_aerial_2023,V4 on JHB aerial
/home/gaosh/projects/ZAsolar/results_joburg,G1216,/home/gaosh/projects/ZAsolar/results_joburg/G1216,johannesburg,True,exp004_v4_hn,aerial,/dev/shm/tiles_joburg/G1216,/workspace/checkpoints/exp004_v4_hn/best_model.pth,153.0,153.0,2026-04-05T06:30:32.897612+00:00,johannesburg,v4_aerial_2023,V4 on JHB aerial
/home/gaosh/projects/ZAsolar/results_joburg,G1217,/home/gaosh/projects/ZAsolar/results_joburg/G1217,johannesburg,True,exp004_v4_hn,aerial,/dev/shm/tiles_joburg/G1217,/workspace/checkpoints/exp004_v4_hn/best_model.pth,117.0,117.0,2026-04-05T06:30:39.567415+00:00,johannesburg,v4_aerial_2023,V4 on JHB aerial
/home/gaosh/projects/ZAsolar/results_joburg,G1218,/home/gaosh/projects/ZAsolar/results_joburg/G1218,johannesburg,True,exp004_v4_hn,aerial,/dev/shm/tiles_joburg/G1218,/workspace/checkpoints/exp004_v4_hn/best_model.pth,99.0,99.0,2026-04-05T06:30:40.191997+00:00,johannesburg,v4_aerial_2023,V4 on JHB aerial
/home/gaosh/projects/ZAsolar/results_joburg,G1221,/home/gaosh/projects/ZAsolar/results_joburg/G1221,johannesburg,True,exp004_v4_hn,aerial,/dev/shm/tiles_joburg/G1221,/workspace/checkpoints/exp004_v4_hn/best_model.pth,55.0,55.0,2026-04-05T06:34:54.516185+00:00,johannesburg,v4_aerial_2023,V4 on JHB aerial
/home/gaosh/projects/ZAsolar/results_joburg,G1222,/home/gaosh/projects/ZAsolar/results_joburg/G1222,johannesburg,True,exp004_v4_hn,aerial,/dev/shm/tiles_joburg/G1222,/workspace/checkpoints/exp004_v4_hn/best_model.pth,19.0,19.0,2026-04-05T06:34:53.587143+00:00,johannesburg,v4_aerial_2023,V4 on JHB aerial
/home/gaosh/projects/ZAsolar/results_joburg,G1223,/home/gaosh/projects/ZAsolar/results_joburg/G1223,johannesburg,True,exp004_v4_hn,aerial,/dev/shm/tiles_joburg/G1223,/workspace/checkpoints/exp004_v4_hn/best_model.pth,3.0,3.0,2026-04-05T06:34:58.765791+00:00,johannesburg,v4_aerial_2023,V4 on JHB aerial
/home/gaosh/projects/ZAsolar/results_joburg,G1224,/home/gaosh/projects/ZAsolar/results_joburg/G1224,johannesburg,True,exp004_v4_hn,aerial,/dev/shm/tiles_joburg/G1224,/workspace/checkpoints/exp004_v4_hn/best_model.pth,4.0,4.0,2026-04-05T06:34:51.077139+00:00,johannesburg,v4_aerial_2023,V4 on JHB aerial
/home/gaosh/projects/ZAsolar/results_joburg,G1225,/home/gaosh/projects/ZAsolar/results_joburg/G1225,johannesburg,True,exp004_v4_hn,aerial,/dev/shm/tiles_joburg/G1225,/workspace/checkpoints/exp004_v4_hn/best_model.pth,6.0,6.0,2026-04-05T06:35:42.243569+00:00,johannesburg,v4_aerial_2023,V4 on JHB aerial
/home/gaosh/projects/ZAsolar/results_joburg,G1250,/home/gaosh/projects/ZAsolar/results_joburg/G1250,johannesburg,True,exp004_v4_hn,aerial,/dev/shm/tiles_joburg/G1250,/workspace/checkpoints/exp004_v4_hn/best_model.pth,33.0,33.0,2026-04-05T06:30:37.123824+00:00,johannesburg,v4_aerial_2023,V4 on JHB aerial
/home/gaosh/projects/ZAsolar/results_joburg,G1251,/home/gaosh/projects/ZAsolar/results_joburg/G1251,johannesburg,True,exp004_v4_hn,aerial,/dev/shm/tiles_joburg/G1251,/workspace/checkpoints/exp004_v4_hn/best_model.pth,160.0,160.0,2026-04-05T06:31:10.828958+00:00,johannesburg,v4_aerial_2023,V4 on JHB aerial
/home/gaosh/projects/ZAsolar/results_joburg,G1252,/home/gaosh/projects/ZAsolar/results_joburg/G1252,johannesburg,True,exp004_v4_hn,aerial,/dev/shm/tiles_joburg/G1252,/workspace/checkpoints/exp004_v4_hn/best_model.pth,159.0,159.0,2026-04-05T06:31:13.166265+00:00,johannesburg,v4_aerial_2023,V4 on JHB aerial
/home/gaosh/projects/ZAsolar/results_joburg,G1253,/home/gaosh/projects/ZAsolar/results_joburg/G1253,johannesburg,True,exp004_v4_hn,aerial,/dev/shm/tiles_joburg/G1253,/workspace/checkpoints/exp004_v4_hn/best_model.pth,228.0,228.0,2026-04-05T06:31:20.098632+00:00,johannesburg,v4_aerial_2023,V4 on JHB aerial
/home/gaosh/projects/ZAsolar/results_joburg,G1254,/home/gaosh/projects/ZAsolar/results_joburg/G1254,johannesburg,True,exp004_v4_hn,aerial,/dev/shm/tiles_joburg/G1254,/workspace/checkpoints/exp004_v4_hn/best_model.pth,125.0,125.0,2026-04-05T06:31:19.772651+00:00,johannesburg,v4_aerial_2023,V4 on JHB aerial
/home/gaosh/projects/ZAsolar/results_joburg,G1257,/home/gaosh/projects/ZAsolar/results_joburg/G1257,johannesburg,True,exp004_v4_hn,aerial,/dev/shm/tiles_joburg/G1257,/workspace/checkpoints/exp004_v4_hn/best_model.pth,73.0,73.0,2026-04-05T06:36:21.285470+00:00,johannesburg,v4_aerial_2023,V4 on JHB aerial
/home/gaosh/projects/ZAsolar/results_joburg,G1258,/home/gaosh/projects/ZAsolar/results_joburg/G1258,johannesburg,True,exp004_v4_hn,aerial,/dev/shm/tiles_joburg/G1258,/workspace/checkpoints/exp004_v4_hn/best_model.pth,21.0,21.0,2026-04-05T06:36:26.570747+00:00,johannesburg,v4_aerial_2023,V4 on JHB aerial
/home/gaosh/projects/ZAsolar/results_joburg,G1259,/home/gaosh/projects/ZAsolar/results_joburg/G1259,johannesburg,True,exp004_v4_hn,aerial,/dev/shm/tiles_joburg/G1259,/workspace/checkpoints/exp004_v4_hn/best_model.pth,31.0,31.0,2026-04-05T06:36:37.777321+00:00,johannesburg,v4_aerial_2023,V4 on JHB aerial
/home/gaosh/projects/ZAsolar/results_joburg,G1260,/home/gaosh/projects/ZAsolar/results_joburg/G1260,johannesburg,True,exp004_v4_hn,aerial,/dev/shm/tiles_joburg/G1260,/workspace/checkpoints/exp004_v4_hn/best_model.pth,7.0,7.0,2026-04-05T06:36:34.615911+00:00,johannesburg,v4_aerial_2023,V4 on JHB aerial
/home/gaosh/projects/ZAsolar/results_joburg,G1261,/home/gaosh/projects/ZAsolar/results_joburg/G1261,johannesburg,True,exp004_v4_hn,aerial,/dev/shm/tiles_joburg/G1261,/workspace/checkpoints/exp004_v4_hn/best_model.pth,4.0,4.0,2026-04-05T06:36:34.630607+00:00,johannesburg,v4_aerial_2023,V4 on JHB aerial
/home/gaosh/projects/ZAsolar/results_joburg,G1293,/home/gaosh/projects/ZAsolar/results_joburg/G1293,johannesburg,True,exp004_v4_hn,aerial,/dev/shm/tiles_joburg/G1293,/workspace/checkpoints/exp004_v4_hn/best_model.pth,79.0,79.0,2026-04-05T06:36:49.963768+00:00,johannesburg,v4_aerial_2023,V4 on JHB aerial
/home/gaosh/projects/ZAsolar/results_joburg,G1294,/home/gaosh/projects/ZAsolar/results_joburg/G1294,johannesburg,True,exp004_v4_hn,aerial,/dev/shm/tiles_joburg/G1294,/workspace/checkpoints/exp004_v4_hn/best_model.pth,49.0,49.0,2026-04-05T06:37:07.792337+00:00,johannesburg,v4_aerial_2023,V4 on JHB aerial
/home/gaosh/projects/ZAsolar/results_joburg,G1295,/home/gaosh/projects/ZAsolar/results_joburg/G1295,johannesburg,True,exp004_v4_hn,aerial,/dev/shm/tiles_joburg/G1295,/workspace/checkpoints/exp004_v4_hn/best_model.pth,51.0,51.0,2026-04-05T06:37:18.278906+00:00,johannesburg,v4_aerial_2023,V4 on JHB aerial
/home/gaosh/projects/ZAsolar/results_joburg,G1296,/home/gaosh/projects/ZAsolar/results_joburg/G1296,johannesburg,True,exp004_v4_hn,aerial,/dev/shm/tiles_joburg/G1296,/workspace/checkpoints/exp004_v4_hn/best_model.pth,6.0,6.0,2026-04-05T06:37:11.948980+00:00,johannesburg,v4_aerial_2023,V4 on JHB aerial
/home/gaosh/projects/ZAsolar/results_joburg,G1297,/home/gaosh/projects/ZAsolar/results_joburg/G1297,johannesburg,True,exp004_v4_hn,aerial,/dev/shm/tiles_joburg/G1297,/workspace/checkpoints/exp004_v4_hn/best_model.pth,15.0,15.0,2026-04-05T06:37:18.759586+00:00,johannesburg,v4_aerial_2023,V4 on JHB aerial
/home/gaosh/projects/ZAsolar/results_joburg,G1512,/home/gaosh/projects/ZAsolar/results_joburg/G1512,johannesburg,True,exp004_v4_hn,aerial,/dev/shm/tiles_joburg/G1512,/workspace/checkpoints/exp004_v4_hn/best_model.pth,35.0,35.0,2026-04-05T06:38:00.482877+00:00,johannesburg,v4_aerial_2023,V4 on JHB aerial
/home/gaosh/projects/ZAsolar/results_joburg,G1513,/home/gaosh/projects/ZAsolar/results_joburg/G1513,johannesburg,True,exp004_v4_hn,aerial,/dev/shm/tiles_joburg/G1513,/workspace/checkpoints/exp004_v4_hn/best_model.pth,2.0,2.0,2026-04-05T06:37:59.115651+00:00,johannesburg,v4_aerial_2023,V4 on JHB aerial
/home/gaosh/projects/ZAsolar/results_joburg,G1514,/home/gaosh/projects/ZAsolar/results_joburg/G1514,johannesburg,True,exp004_v4_hn,aerial,/dev/shm/tiles_joburg/G1514,/workspace/checkpoints/exp004_v4_hn/best_model.pth,17.0,17.0,2026-04-05T06:37:59.299693+00:00,johannesburg,v4_aerial_2023,V4 on JHB aerial
/home/gaosh/projects/ZAsolar/results_joburg,G1515,/home/gaosh/projects/ZAsolar/results_joburg/G1515,johannesburg,True,exp004_v4_hn,aerial,/dev/shm/tiles_joburg/G1515,/workspace/checkpoints/exp004_v4_hn/best_model.pth,6.0,6.0,2026-04-05T06:37:58.495029+00:00,johannesburg,v4_aerial_2023,V4 on JHB aerial
/home/gaosh/projects/ZAsolar/results_joburg,G1516,/home/gaosh/projects/ZAsolar/results_joburg/G1516,johannesburg,True,exp004_v4_hn,aerial,/dev/shm/tiles_joburg/G1516,/workspace/checkpoints/exp004_v4_hn/best_model.pth,8.0,8.0,2026-04-05T06:37:57.945789+00:00,johannesburg,v4_aerial_2023,V4 on JHB aerial
/home/gaosh/projects/ZAsolar/results_joburg,G1541,/home/gaosh/projects/ZAsolar/results_joburg/G1541,johannesburg,True,exp004_v4_hn,aerial,/dev/shm/tiles_joburg/G1541,/workspace/checkpoints/exp004_v4_hn/best_model.pth,20.0,20.0,2026-04-05T06:37:58.815820+00:00,johannesburg,v4_aerial_2023,V4 on JHB aerial
/home/gaosh/projects/ZAsolar/results_joburg,G1542,/home/gaosh/projects/ZAsolar/results_joburg/G1542,johannesburg,True,exp004_v4_hn,aerial,/dev/shm/tiles_joburg/G1542,/workspace/checkpoints/exp004_v4_hn/best_model.pth,88.0,88.0,2026-04-05T06:51:07.782356+00:00,johannesburg,v4_aerial_2023,V4 on JHB aerial
/home/gaosh/projects/ZAsolar/results_joburg,G1543,/home/gaosh/projects/ZAsolar/results_joburg/G1543,johannesburg,True,exp004_v4_hn,aerial,/dev/shm/tiles_joburg/G1543,/workspace/checkpoints/exp004_v4_hn/best_model.pth,77.0,77.0,2026-04-05T06:51:08.395476+00:00,johannesburg,v4_aerial_2023,V4 on JHB aerial
/home/gaosh/projects/ZAsolar/results_joburg,G1544,/home/gaosh/projects/ZAsolar/results_joburg/G1544,johannesburg,True,exp004_v4_hn,aerial,/dev/shm/tiles_joburg/G1544,/workspace/checkpoints/exp004_v4_hn/best_model.pth,24.0,24.0,2026-04-05T06:51:02.668186+00:00,johannesburg,v4_aerial_2023,V4 on JHB aerial
/home/gaosh/projects/ZAsolar/results_joburg,G1545,/home/gaosh/projects/ZAsolar/results_joburg/G1545,johannesburg,True,exp004_v4_hn,aerial,/dev/shm/tiles_joburg/G1545,/workspace/checkpoints/exp004_v4_hn/best_model.pth,6.0,6.0,2026-04-05T06:50:59.928320+00:00,johannesburg,v4_aerial_2023,V4 on JHB aerial
/home/gaosh/projects/ZAsolar/results_joburg,G1570,/home/gaosh/projects/ZAsolar/results_joburg/G1570,AMBIGUOUS,True,exp003_C_targeted_hn,unknown,/workspace/tiles/G1570,/workspace/checkpoints/exp003_C_targeted_hn/best_model.pth,143.0,143.0,2026-03-29T04:32:14.769577+00:00,cape_town,v3c_targeted_hn_aerial_2025,V3C on CT aerial
/home/gaosh/projects/ZAsolar/results_joburg,G1571,/home/gaosh/projects/ZAsolar/results_joburg/G1571,AMBIGUOUS,True,exp003_C_targeted_hn,unknown,/workspace/tiles/G1571,/workspace/checkpoints/exp003_C_targeted_hn/best_model.pth,35.0,35.0,2026-03-29T04:32:23.648554+00:00,cape_town,v3c_targeted_hn_aerial_2025,V3C on CT aerial
/home/gaosh/projects/ZAsolar/results_joburg,G1572,/home/gaosh/projects/ZAsolar/results_joburg/G1572,AMBIGUOUS,True,exp003_C_targeted_hn,unknown,/workspace/tiles/G1572,/workspace/checkpoints/exp003_C_targeted_hn/best_model.pth,151.0,151.0,2026-03-29T04:33:34.017200+00:00,cape_town,v3c_targeted_hn_aerial_2025,V3C on CT aerial
/home/gaosh/projects/ZAsolar/results_joburg,G1573,/home/gaosh/projects/ZAsolar/results_joburg/G1573,johannesburg,True,exp004_v4_hn,aerial,/dev/shm/tiles_joburg/G1573,/workspace/checkpoints/exp004_v4_hn/best_model.pth,24.0,24.0,2026-04-05T06:51:02.688633+00:00,johannesburg,v4_aerial_2023,V4 on JHB aerial
/home/gaosh/projects/ZAsolar/results_joburg,G1574,/home/gaosh/projects/ZAsolar/results_joburg/G1574,johannesburg,True,exp004_v4_hn,aerial,/dev/shm/tiles_joburg/G1574,/workspace/checkpoints/exp004_v4_hn/best_model.pth,5.0,5.0,2026-04-05T06:50:51.342179+00:00,johannesburg,v4_aerial_2023,V4 on JHB aerial
/home/gaosh/projects/ZAsolar/results_joburg,G1600,/home/gaosh/projects/ZAsolar/results_joburg/G1600,johannesburg,True,exp004_v4_hn,aerial,/dev/shm/tiles_joburg/G1600,/workspace/checkpoints/exp004_v4_hn/best_model.pth,37.0,37.0,2026-04-05T06:51:01.226167+00:00,johannesburg,v4_aerial_2023,V4 on JHB aerial
/home/gaosh/projects/ZAsolar/results_joburg,G1601,/home/gaosh/projects/ZAsolar/results_joburg/G1601,johannesburg,True,exp004_v4_hn,aerial,/dev/shm/tiles_joburg/G1601,/workspace/checkpoints/exp004_v4_hn/best_model.pth,43.0,43.0,2026-04-05T06:51:05.627967+00:00,johannesburg,v4_aerial_2023,V4 on JHB aerial
/home/gaosh/projects/ZAsolar/results_joburg,G1602,/home/gaosh/projects/ZAsolar/results_joburg/G1602,johannesburg,True,exp004_v4_hn,aerial,/dev/shm/tiles_joburg/G1602,/workspace/checkpoints/exp004_v4_hn/best_model.pth,75.0,75.0,2026-04-05T06:51:06.717029+00:00,johannesburg,v4_aerial_2023,V4 on JHB aerial
/home/gaosh/projects/ZAsolar/results_joburg,G1603,/home/gaosh/projects/ZAsolar/results_joburg/G1603,johannesburg,True,exp004_v4_hn,aerial,/dev/shm/tiles_joburg/G1603,/workspace/checkpoints/exp004_v4_hn/best_model.pth,46.0,46.0,2026-04-05T06:50:57.190344+00:00,johannesburg,v4_aerial_2023,V4 on JHB aerial
/home/gaosh/projects/ZAsolar/results_joburg,G1604,/home/gaosh/projects/ZAsolar/results_joburg/G1604,johannesburg,True,exp004_v4_hn,aerial,/dev/shm/tiles_joburg/G1604,/workspace/checkpoints/exp004_v4_hn/best_model.pth,2.0,2.0,2026-04-05T06:50:41.473459+00:00,johannesburg,v4_aerial_2023,V4 on JHB aerial
/home/gaosh/projects/ZAsolar/results_joburg,G1630,/home/gaosh/projects/ZAsolar/results_joburg/G1630,AMBIGUOUS,True,exp003_C_targeted_hn,unknown,/workspace/tiles/G1630,/workspace/checkpoints/exp003_C_targeted_hn/best_model.pth,109.0,109.0,2026-03-29T04:35:47.815553+00:00,cape_town,v3c_targeted_hn_aerial_2025,V3C on CT aerial
/home/gaosh/projects/ZAsolar/results_joburg,G1631,/home/gaosh/projects/ZAsolar/results_joburg/G1631,AMBIGUOUS,True,exp003_C_targeted_hn,unknown,/workspace/tiles/G1631,/workspace/checkpoints/exp003_C_targeted_hn/best_model.pth,302.0,302.0,2026-03-29T04:36:24.981957+00:00,cape_town,v3c_targeted_hn_aerial_2025,V3C on CT aerial
/home/gaosh/projects/ZAsolar/results_joburg,G1632,/home/gaosh/projects/ZAsolar/results_joburg/G1632,AMBIGUOUS,True,exp003_C_targeted_hn,unknown,/workspace/tiles/G1632,/workspace/checkpoints/exp003_C_targeted_hn/best_model.pth,82.0,82.0,2026-03-29T04:36:47.278075+00:00,cape_town,v3c_targeted_hn_aerial_2025,V3C on CT aerial
/home/gaosh/projects/ZAsolar/results_joburg,G1633,/home/gaosh/projects/ZAsolar/results_joburg/G1633,AMBIGUOUS,True,exp003_C_targeted_hn,unknown,/workspace/tiles/G1633,/workspace/checkpoints/exp003_C_targeted_hn/best_model.pth,132.0,132.0,2026-03-29T04:37:01.215911+00:00,cape_town,v3c_targeted_hn_aerial_2025,V3C on CT aerial
/home/gaosh/projects/ZAsolar/results_joburg,G1634,/home/gaosh/projects/ZAsolar/results_joburg/G1634,AMBIGUOUS,True,exp003_C_targeted_hn,unknown,/workspace/tiles/G1634,/workspace/checkpoints/exp003_C_targeted_hn/best_model.pth,313.0,313.0,2026-03-29T04:37:37.717359+00:00,cape_town,v3c_targeted_hn_aerial_2025,V3C on CT aerial
/mnt/d/ZAsolar/results,G1855,/mnt/d/ZAsolar/results/G1855,AMBIGUOUS,True,exp003_C_targeted_hn,unknown,/dev/shm/tiles/G1855,/workspace/checkpoints/exp003_C_targeted_hn/best_model.pth,385.0,385.0,2026-03-31T10:20:46.196192+00:00,cape_town,v3c_targeted_hn_aerial_2025,V3C on CT aerial
/mnt/d/ZAsolar/results,G1856,/mnt/d/ZAsolar/results/G1856,AMBIGUOUS,True,exp003_C_targeted_hn,unknown,/dev/shm/tiles/G1856,/workspace/checkpoints/exp003_C_targeted_hn/best_model.pth,39.0,39.0,2026-03-31T10:19:08.132028+00:00,cape_town,v3c_targeted_hn_aerial_2025,V3C on CT aerial
/mnt/d/ZAsolar/results,G1862,/mnt/d/ZAsolar/results/G1862,AMBIGUOUS,True,exp003_C_targeted_hn,unknown,/dev/shm/tiles/G1862,/workspace/checkpoints/exp003_C_targeted_hn/best_model.pth,79.0,80.0,2026-03-31T10:19:47.675768+00:00,cape_town,v3c_targeted_hn_aerial_2025,V3C on CT aerial
/mnt/d/ZAsolar/results,G1863,/mnt/d/ZAsolar/results/G1863,AMBIGUOUS,True,exp003_C_targeted_hn,unknown,/dev/shm/tiles/G1863,/workspace/checkpoints/exp003_C_targeted_hn/best_model.pth,155.0,156.0,2026-03-31T10:20:14.080426+00:00,cape_town,v3c_targeted_hn_aerial_2025,V3C on CT aerial
/mnt/d/ZAsolar/results,G1864,/mnt/d/ZAsolar/results/G1864,AMBIGUOUS,True,exp003_C_targeted_hn,unknown,/dev/shm/tiles/G1864,/workspace/checkpoints/exp003_C_targeted_hn/best_model.pth,36.0,36.0,2026-03-31T10:19:21.916663+00:00,cape_town,v3c_targeted_hn_aerial_2025,V3C on CT aerial
/mnt/d/ZAsolar/results,G1909,/mnt/d/ZAsolar/results/G1909,AMBIGUOUS,True,exp003_C_targeted_hn,unknown,/dev/shm/tiles/G1909,/workspace/checkpoints/exp003_C_targeted_hn/best_model.pth,32.0,34.0,2026-03-31T10:19:10.039894+00:00,cape_town,v3c_targeted_hn_aerial_2025,V3C on CT aerial
/mnt/d/ZAsolar/results,G1910,/mnt/d/ZAsolar/results/G1910,AMBIGUOUS,True,exp003_C_targeted_hn,unknown,/dev/shm/tiles/G1910,/workspace/checkpoints/exp003_C_targeted_hn/best_model.pth,53.0,53.0,2026-03-31T10:21:38.143484+00:00,cape_town,v3c_targeted_hn_aerial_2025,V3C on CT aerial
/mnt/d/ZAsolar/results,G1911,/mnt/d/ZAsolar/results/G1911,AMBIGUOUS,True,exp003_C_targeted_hn,unknown,/dev/shm/tiles/G1911,/workspace/checkpoints/exp003_C_targeted_hn/best_model.pth,6.0,7.0,2026-03-31T10:21:24.699236+00:00,cape_town,v3c_targeted_hn_aerial_2025,V3C on CT aerial
/mnt/d/ZAsolar/results,G1917,/mnt/d/ZAsolar/results/G1917,AMBIGUOUS,True,exp003_C_targeted_hn,unknown,/dev/shm/tiles/G1917,/workspace/checkpoints/exp003_C_targeted_hn/best_model.pth,107.0,107.0,2026-03-31T10:22:11.814231+00:00,cape_town,v3c_targeted_hn_aerial_2025,V3C on CT aerial
/mnt/d/ZAsolar/results,G1918,/mnt/d/ZAsolar/results/G1918,AMBIGUOUS,True,exp003_C_targeted_hn,unknown,/dev/shm/tiles/G1918,/workspace/checkpoints/exp003_C_targeted_hn/best_model.pth,132.0,132.0,2026-03-31T10:23:10.821533+00:00,cape_town,v3c_targeted_hn_aerial_2025,V3C on CT aerial
/mnt/d/ZAsolar/results,G1919,/mnt/d/ZAsolar/results/G1919,AMBIGUOUS,True,exp003_C_targeted_hn,unknown,/dev/shm/tiles/G1919,/workspace/checkpoints/exp003_C_targeted_hn/best_model.pth,172.0,174.0,2026-03-31T10:24:15.863434+00:00,cape_town,v3c_targeted_hn_aerial_2025,V3C on CT aerial
/mnt/d/ZAsolar/results,G1920,/mnt/d/ZAsolar/results/G1920,AMBIGUOUS,True,exp003_C_targeted_hn,unknown,/dev/shm/tiles/G1920,/workspace/checkpoints/exp003_C_targeted_hn/best_model.pth,155.0,163.0,2026-03-31T10:24:50.345675+00:00,cape_town,v3c_targeted_hn_aerial_2025,V3C on CT aerial
/mnt/d/ZAsolar/results,G1921,/mnt/d/ZAsolar/results/G1921,AMBIGUOUS,True,exp003_C_targeted_hn,unknown,/dev/shm/tiles/G1921,/workspace/checkpoints/exp003_C_targeted_hn/best_model.pth,13.0,13.0,2026-03-31T10:23:58.869606+00:00,cape_town,v3c_targeted_hn_aerial_2025,V3C on CT aerial
/mnt/d/ZAsolar/results,G1966,/mnt/d/ZAsolar/results/G1966,AMBIGUOUS,True,exp003_C_targeted_hn,unknown,/dev/shm/tiles/G1966,/workspace/checkpoints/exp003_C_targeted_hn/best_model.pth,6.0,6.0,2026-03-31T10:23:55.361596+00:00,cape_town,v3c_targeted_hn_aerial_2025,V3C on CT aerial
/mnt/d/ZAsolar/results,G1970,/mnt/d/ZAsolar/results/G1970,AMBIGUOUS,True,exp003_C_targeted_hn,unknown,/dev/shm/tiles/G1970,/workspace/checkpoints/exp003_C_targeted_hn/best_model.pth,44.0,44.0,2026-03-31T10:24:41.168610+00:00,cape_town,v3c_targeted_hn_aerial_2025,V3C on CT aerial
/mnt/d/ZAsolar/results,G1971,/mnt/d/ZAsolar/results/G1971,AMBIGUOUS,True,exp003_C_targeted_hn,unknown,/dev/shm/tiles/G1971,/workspace/checkpoints/exp003_C_targeted_hn/best_model.pth,405.0,408.0,2026-03-31T10:26:38.555265+00:00,cape_town,v3c_targeted_hn_aerial_2025,V3C on CT aerial
/mnt/d/ZAsolar/results,G1972,/mnt/d/ZAsolar/results/G1972,AMBIGUOUS,True,exp003_C_targeted_hn,unknown,/dev/shm/tiles/G1972,/workspace/checkpoints/exp003_C_targeted_hn/best_model.pth,133.0,136.0,2026-03-31T10:26:37.265749+00:00,cape_town,v3c_targeted_hn_aerial_2025,V3C on CT aerial
/mnt/d/ZAsolar/results,G1973,/mnt/d/ZAsolar/results/G1973,AMBIGUOUS,True,exp003_C_targeted_hn,unknown,/dev/shm/tiles/G1973,/workspace/checkpoints/exp003_C_targeted_hn/best_model.pth,170.0,170.0,2026-03-31T10:26:44.317435+00:00,cape_town,v3c_targeted_hn_aerial_2025,V3C on CT aerial
/mnt/d/ZAsolar/results,G1974,/mnt/d/ZAsolar/results/G1974,AMBIGUOUS,True,exp003_C_targeted_hn,unknown,/dev/shm/tiles/G1974,/workspace/checkpoints/exp003_C_targeted_hn/best_model.pth,18.0,18.0,2026-03-31T10:26:12.645831+00:00,cape_town,v3c_targeted_hn_aerial_2025,V3C on CT aerial
/mnt/d/ZAsolar/results,G1975,/mnt/d/ZAsolar/results/G1975,AMBIGUOUS,True,exp003_C_targeted_hn,unknown,/dev/shm/tiles/G1975,/workspace/checkpoints/exp003_C_targeted_hn/best_model.pth,160.0,161.0,2026-03-31T10:28:15.977562+00:00,cape_town,v3c_targeted_hn_aerial_2025,V3C on CT aerial
/mnt/d/ZAsolar/results,G1976,/mnt/d/ZAsolar/results/G1976,AMBIGUOUS,True,exp003_C_targeted_hn,unknown,/dev/shm/tiles/G1976,/workspace/checkpoints/exp003_C_targeted_hn/best_model.pth,45.0,47.0,2026-03-31T10:28:49.437772+00:00,cape_town,v3c_targeted_hn_aerial_2025,V3C on CT aerial
/mnt/d/ZAsolar/results,G1977,/mnt/d/ZAsolar/results/G1977,AMBIGUOUS,True,exp003_C_targeted_hn,unknown,/dev/shm/tiles/G1977,/workspace/checkpoints/exp003_C_targeted_hn/best_model.pth,8.0,8.0,2026-03-31T10:28:42.822079+00:00,cape_town,v3c_targeted_hn_aerial_2025,V3C on CT aerial
/mnt/d/ZAsolar/results,G1979,/mnt/d/ZAsolar/results/G1979,AMBIGUOUS,True,exp003_C_targeted_hn,unknown,/dev/shm/tiles/G1979,/workspace/checkpoints/exp003_C_targeted_hn/best_model.pth,6.0,6.0,2026-03-31T10:29:21.721383+00:00,cape_town,v3c_targeted_hn_aerial_2025,V3C on CT aerial
/mnt/d/ZAsolar/results,G1981,/mnt/d/ZAsolar/results/G1981,AMBIGUOUS,True,exp003_C_targeted_hn,unknown,/dev/shm/tiles/G1981,/workspace/checkpoints/exp003_C_targeted_hn/best_model.pth,61.0,62.0,2026-03-31T10:29:49.194643+00:00,cape_town,v3c_targeted_hn_aerial_2025,V3C on CT aerial
/mnt/d/ZAsolar/results,G2025,/mnt/d/ZAsolar/results/G2025,AMBIGUOUS,True,exp003_C_targeted_hn,unknown,/dev/shm/tiles/G2025,/workspace/checkpoints/exp003_C_targeted_hn/best_model.pth,40.0,41.0,2026-03-31T10:29:36.464423+00:00,cape_town,v3c_targeted_hn_aerial_2025,V3C on CT aerial
/mnt/d/ZAsolar/results,G2026,/mnt/d/ZAsolar/results/G2026,AMBIGUOUS,True,exp003_C_targeted_hn,unknown,/dev/shm/tiles/G2026,/workspace/checkpoints/exp003_C_targeted_hn/best_model.pth,77.0,77.0,2026-03-31T10:30:57.987931+00:00,cape_town,v3c_targeted_hn_aerial_2025,V3C on CT aerial
/mnt/d/ZAsolar/results,G2027,/mnt/d/ZAsolar/results/G2027,AMBIGUOUS,True,exp003_C_targeted_hn,unknown,/dev/shm/tiles/G2027,/workspace/checkpoints/exp003_C_targeted_hn/best_model.pth,150.0,152.0,2026-03-31T10:31:57.116377+00:00,cape_town,v3c_targeted_hn_aerial_2025,V3C on CT aerial
/mnt/d/ZAsolar/results,G2028,/mnt/d/ZAsolar/results/G2028,AMBIGUOUS,True,exp003_C_targeted_hn,unknown,/dev/shm/tiles/G2028,/workspace/checkpoints/exp003_C_targeted_hn/best_model.pth,180.0,180.0,2026-03-31T10:31:50.294803+00:00,cape_town,v3c_targeted_hn_aerial_2025,V3C on CT aerial
/mnt/d/ZAsolar/results,G2029,/mnt/d/ZAsolar/results/G2029,AMBIGUOUS,True,exp003_C_targeted_hn,unknown,/dev/shm/tiles/G2029,/workspace/checkpoints/exp003_C_targeted_hn/best_model.pth,280.0,281.0,2026-03-31T10:33:04.748809+00:00,cape_town,v3c_targeted_hn_aerial_2025,V3C on CT aerial
/mnt/d/ZAsolar/results,G2030,/mnt/d/ZAsolar/results/G2030,AMBIGUOUS,True,exp003_C_targeted_hn,unknown,/dev/shm/tiles/G2030,/workspace/checkpoints/exp003_C_targeted_hn/best_model.pth,31.0,50.0,2026-03-31T10:32:49.381167+00:00,cape_town,v3c_targeted_hn_aerial_2025,V3C on CT aerial
/mnt/d/ZAsolar/results,G2031,/mnt/d/ZAsolar/results/G2031,AMBIGUOUS,True,exp003_C_targeted_hn,unknown,/dev/shm/tiles/G2031,/workspace/checkpoints/exp003_C_targeted_hn/best_model.pth,39.0,39.0,2026-03-31T10:32:56.639361+00:00,cape_town,v3c_targeted_hn_aerial_2025,V3C on CT aerial
/mnt/d/ZAsolar/results,G2032,/mnt/d/ZAsolar/results/G2032,AMBIGUOUS,True,exp003_C_targeted_hn,unknown,/dev/shm/tiles/G2032,/workspace/checkpoints/exp003_C_targeted_hn/best_model.pth,40.0,40.0,2026-03-31T10:34:52.314612+00:00,cape_town,v3c_targeted_hn_aerial_2025,V3C on CT aerial
/mnt/d/ZAsolar/results,G2033,/mnt/d/ZAsolar/results/G2033,AMBIGUOUS,True,exp003_C_targeted_hn,unknown,/dev/shm/tiles/G2033,/workspace/checkpoints/exp003_C_targeted_hn/best_model.pth,8.0,8.0,2026-03-31T10:34:29.835670+00:00,cape_town,v3c_targeted_hn_aerial_2025,V3C on CT aerial
/mnt/d/ZAsolar/results,G2034,/mnt/d/ZAsolar/results/G2034,AMBIGUOUS,True,exp003_C_targeted_hn,unknown,/dev/shm/tiles/G2034,/workspace/checkpoints/exp003_C_targeted_hn/best_model.pth,2.0,2.0,2026-03-31T10:34:08.171455+00:00,cape_town,v3c_targeted_hn_aerial_2025,V3C on CT aerial
/mnt/d/ZAsolar/results,G2035,/mnt/d/ZAsolar/results/G2035,AMBIGUOUS,True,exp003_C_targeted_hn,unknown,/dev/shm/tiles/G2035,/workspace/checkpoints/exp003_C_targeted_hn/best_model.pth,3.0,3.0,2026-03-31T10:34:58.043447+00:00,cape_town,v3c_targeted_hn_aerial_2025,V3C on CT aerial
/mnt/d/ZAsolar/results,G2037,/mnt/d/ZAsolar/results/G2037,AMBIGUOUS,True,exp003_C_targeted_hn,unknown,/dev/shm/tiles/G2037,/workspace/checkpoints/exp003_C_targeted_hn/best_model.pth,14.0,14.0,2026-03-31T10:35:04.193998+00:00,cape_town,v3c_targeted_hn_aerial_2025,V3C on CT aerial
/mnt/d/ZAsolar/results,G2038,/mnt/d/ZAsolar/results/G2038,AMBIGUOUS,True,exp003_C_targeted_hn,unknown,/dev/shm/tiles/G2038,/workspace/checkpoints/exp003_C_targeted_hn/best_model.pth,38.0,38.0,2026-03-31T10:35:13.313971+00:00,cape_town,v3c_targeted_hn_aerial_2025,V3C on CT aerial
