g_id,cpt_id,kept,coverage_fraction,reason
G0001,,False,0.0,no_imagery
G0002,,False,0.0,no_imagery
G0003,,False,0.0,no_imagery
G0004,,False,0.0,no_imagery
G0005,,False,0.0,no_imagery
G0006,,False,0.0,no_imagery
G0007,,False,0.0,no_imagery
G0008,,False,0.0,no_imagery
G0009,,False,0.0,no_imagery
G0010,,False,0.0,no_imagery
G0011,,False,0.0,no_imagery
G0012,,False,0.0,no_imagery
G0013,,False,0.0,no_imagery
G0014,,False,0.0,no_imagery
G0015,,False,0.0,no_imagery
G0016,,False,0.0,no_imagery
G0017,,False,0.0,no_imagery
G0018,,False,0.0,no_imagery
G0019,,False,0.0,no_imagery
G0020,,False,0.0,no_imagery
G0021,,False,0.0,no_imagery
G0022,,False,0.0,no_imagery
G0023,,False,0.0,no_imagery
G0024,,False,0.0,no_imagery
G0025,,False,0.0,no_imagery
G0026,,False,0.0,no_imagery
G0027,,False,0.0,no_imagery
G0028,,False,0.0,no_imagery
G0044,,False,0.0,no_imagery
G0045,,False,0.0,no_imagery
G0046,,False,0.0,no_imagery
G0047,,False,0.0,no_imagery
G0048,,False,0.0,no_imagery
G0049,,False,0.0,no_imagery
G0050,,False,0.0,no_imagery
G0051,,False,0.0,no_imagery
G0052,,False,0.0,no_imagery
G0053,,False,0.0,no_imagery
G0054,,False,0.0,no_imagery
G0055,,False,0.0,no_imagery
G0056,,False,0.0,no_imagery
G0057,,False,0.0,no_imagery
G0058,,False,0.0,no_imagery
G0059,,False,0.0,no_imagery
G0060,,False,0.0,no_imagery
G0061,,False,0.0,no_imagery
G0062,,False,0.0,no_imagery
G0063,,False,0.0,no_imagery
G0064,,False,0.0,no_imagery
G0065,,False,0.0,no_imagery
G0066,,False,0.0,no_imagery
G0067,,False,0.0,no_imagery
G0068,,False,0.0,no_imagery
G0069,,False,0.0,no_imagery
G0070,,False,0.0,no_imagery
G0071,,False,0.0,no_imagery
G0072,,False,0.0,no_imagery
G0101,,False,0.0,no_imagery
G0102,,False,0.0,no_imagery
G0103,,False,0.0,no_imagery
G0104,,False,0.0,no_imagery
G0105,,False,0.0,no_imagery
G0106,,False,0.0,no_imagery
G0107,,False,0.0,no_imagery
G0108,,False,0.0,no_imagery
G0109,,False,0.0,no_imagery
G0110,,False,0.0,no_imagery
G0111,,False,0.0,no_imagery
G0112,,False,0.0,no_imagery
G0113,,False,0.0,no_imagery
G0114,,False,0.0,no_imagery
G0115,,False,0.0,no_imagery
G0116,,False,0.0,no_imagery
G0117,,False,0.0,no_imagery
G0118,,False,0.0,no_imagery
G0119,,False,0.0,no_imagery
G0120,,False,0.0,no_imagery
G0121,,False,0.0,no_imagery
G0122,,False,0.0,no_imagery
G0123,,False,0.0,no_imagery
G0124,,False,0.0,no_imagery
G0125,,False,0.0,no_imagery
G0126,,False,0.0,no_imagery
G0127,,False,0.0,no_imagery
G0128,,False,0.0,no_imagery
G0129,,False,0.0,no_imagery
G0158,,False,0.0,no_imagery
G0159,,False,0.0,no_imagery
G0160,,False,0.0,no_imagery
G0161,,False,0.0,no_imagery
G0162,,False,0.0,no_imagery
G0163,,False,0.0,no_imagery
G0164,,False,0.0,no_imagery
G0165,,False,0.0,no_imagery
G0166,,False,0.0,no_imagery
G0167,,False,0.0,no_imagery
G0168,,False,0.0,no_imagery
G0169,,False,0.0,no_imagery
G0170,,False,0.0,no_imagery
G0171,,False,0.0,no_imagery
G0172,,False,0.0,no_imagery
G0173,,False,0.0,no_imagery
G0174,,False,0.0,no_imagery
G0175,,False,0.0,no_imagery
G0176,,False,0.0,no_imagery
G0177,,False,0.0,no_imagery
G0178,,False,0.0,no_imagery
G0179,,False,0.0,no_imagery
G0180,,False,0.0,no_imagery
G0181,,False,0.0,no_imagery
G0182,,False,0.0,no_imagery
G0183,,False,0.0,no_imagery
G0184,,False,0.0,no_imagery
G0185,,False,0.0,no_imagery
G0186,,False,0.0,no_imagery
G0215,,False,0.0,no_imagery
G0216,,False,0.0,no_imagery
G0217,,False,0.0,no_imagery
G0218,,False,0.0,no_imagery
G0219,,False,0.0,no_imagery
G0220,,False,0.0,no_imagery
G0221,,False,0.0,no_imagery
G0222,,False,0.0,no_imagery
G0223,,False,0.0,no_imagery
G0224,,False,0.0,no_imagery
G0225,,False,0.0,no_imagery
G0226,,False,0.0,no_imagery
G0227,,False,0.0,no_imagery
G0228,,False,0.0,no_imagery
G0229,,False,0.0,no_imagery
G0230,,False,0.0,no_imagery
G0231,,False,0.045654,below_threshold
G0232,,False,0.0271,below_threshold
G0233,,False,0.00293,below_threshold
G0234,,False,0.009033,below_threshold
G0235,,False,0.0,no_imagery
G0236,,False,0.0,no_imagery
G0237,,False,0.0,no_imagery
G0238,,False,0.0,no_imagery
G0239,,False,0.0,no_imagery
G0240,,False,0.0,no_imagery
G0241,,False,0.0,no_imagery
G0242,,False,0.0,no_imagery
G0243,,False,0.0,no_imagery
G0272,,False,0.0,no_imagery
G0273,,False,0.0,no_imagery
G0274,,False,0.0,no_imagery
G0275,,False,0.0,no_imagery
G0276,,False,0.0,no_imagery
G0277,,False,0.0,no_imagery
G0278,,False,0.0,no_imagery
G0279,,False,0.0,no_imagery
G0280,,False,0.0,no_imagery
G0281,,False,0.0,no_imagery
G0282,,False,0.0,no_imagery
G0283,,False,0.0,no_imagery
G0284,,False,0.0,no_imagery
G0285,,False,0.0,no_imagery
G0286,,False,0.0,no_imagery
G0287,,False,0.0,no_imagery
G0288,CPT0288,True,0.550049,covered
G0289,CPT0289,True,0.886719,covered
G0290,CPT0290,True,0.758789,covered
G0291,CPT0291,True,0.168701,covered
G0292,,False,0.0,no_imagery
G0293,,False,0.0,no_imagery
G0294,,False,0.0,no_imagery
G0295,,False,0.0,no_imagery
G0296,,False,0.0,no_imagery
G0297,,False,0.0,no_imagery
G0298,,False,0.0,no_imagery
G0299,,False,0.0,no_imagery
G0300,,False,0.0,no_imagery
G0329,,False,0.0,no_imagery
G0330,,False,0.0,no_imagery
G0331,,False,0.0,no_imagery
G0332,,False,0.0,no_imagery
G0333,,False,0.0,no_imagery
G0334,,False,0.0,no_imagery
G0335,,False,0.0,no_imagery
G0336,,False,0.0,no_imagery
G0337,,False,0.0,no_imagery
G0338,,False,0.0,no_imagery
G0339,,False,0.0,no_imagery
G0340,,False,0.0,no_imagery
G0341,,False,0.0,no_imagery
G0342,,False,0.0,no_imagery
G0343,,False,0.0,no_imagery
G0344,CPT0344,True,0.514893,covered
G0345,CPT0345,True,0.99707,covered
G0346,CPT0346,True,0.641357,covered
G0347,CPT0347,True,0.161133,covered
G0348,,False,0.0,no_imagery
G0349,,False,0.0,no_imagery
G0350,,False,0.0,no_imagery
G0351,,False,0.0,no_imagery
G0352,,False,0.0,no_imagery
G0353,,False,0.0,no_imagery
G0354,,False,0.0,no_imagery
G0355,,False,0.0,no_imagery
G0356,,False,0.0,no_imagery
G0357,,False,0.0,no_imagery
G0386,,False,0.0,no_imagery
G0387,,False,0.0,no_imagery
G0388,,False,0.0,no_imagery
G0389,,False,0.0,no_imagery
G0390,,False,0.0,no_imagery
G0391,,False,0.0,no_imagery
G0392,,False,0.0,no_imagery
G0393,,False,0.0,no_imagery
G0394,,False,0.0,no_imagery
G0395,,False,0.0,no_imagery
G0396,,False,0.0,no_imagery
G0397,,False,0.0,no_imagery
G0398,CPT0398,True,0.166992,covered
G0399,CPT0399,True,0.60791,covered
G0400,CPT0400,True,0.88916,covered
G0401,CPT0401,True,0.992188,covered
G0402,CPT0402,True,0.67627,covered
G0403,,False,0.011475,below_threshold
G0404,,False,0.0,no_imagery
G0405,,False,0.0,no_imagery
G0406,,False,0.0,no_imagery
G0407,,False,0.0,no_imagery
G0408,,False,0.0,no_imagery
G0409,,False,0.0,no_imagery
G0410,,False,0.0,no_imagery
G0411,,False,0.0,no_imagery
G0412,,False,0.0,no_imagery
G0413,,False,0.0,no_imagery
G0443,,False,0.0,no_imagery
G0444,,False,0.0,no_imagery
G0445,,False,0.0,no_imagery
G0446,,False,0.0,no_imagery
G0447,,False,0.0,no_imagery
G0448,,False,0.0,no_imagery
G0449,,False,0.0,no_imagery
G0450,,False,0.0,no_imagery
G0451,,False,0.0,no_imagery
G0452,,False,0.0,no_imagery
G0453,,False,0.0,no_imagery
G0454,CPT0454,True,0.266602,covered
G0455,CPT0455,True,0.95874,covered
G0456,CPT0456,True,1.0,covered
G0457,CPT0457,True,1.0,covered
G0458,CPT0458,True,1.0,covered
G0459,CPT0459,True,0.363281,covered
G0460,,False,0.0,no_imagery
G0461,,False,0.0,no_imagery
G0462,,False,0.0,no_imagery
G0463,,False,0.0,no_imagery
G0464,,False,0.0,no_imagery
G0465,,False,0.0,no_imagery
G0466,,False,0.0,no_imagery
G0467,,False,0.0,no_imagery
G0468,,False,0.0,no_imagery
G0469,,False,0.0,no_imagery
G0470,,False,0.0,no_imagery
G0500,,False,0.0,no_imagery
G0501,,False,0.0,no_imagery
G0502,,False,0.0,no_imagery
G0503,,False,0.0,no_imagery
G0504,,False,0.0,no_imagery
G0505,,False,0.0,no_imagery
G0506,,False,0.0,no_imagery
G0507,,False,0.0,no_imagery
G0508,,False,0.0,no_imagery
G0509,,False,0.0,no_imagery
G0510,CPT0510,True,0.208252,covered
G0511,CPT0511,True,0.888428,covered
G0512,CPT0512,True,1.0,covered
G0513,CPT0513,True,1.0,covered
G0514,CPT0514,True,1.0,covered
G0515,CPT0515,True,0.978516,covered
G0516,CPT0516,True,0.090576,covered
G0517,,False,0.0,no_imagery
G0518,,False,0.0,no_imagery
G0519,,False,0.0,no_imagery
G0520,,False,0.0,no_imagery
G0521,,False,0.0,no_imagery
G0522,,False,0.0,no_imagery
G0523,,False,0.0,no_imagery
G0524,,False,0.0,no_imagery
G0525,,False,0.0,no_imagery
G0526,,False,0.0,no_imagery
G0527,,False,0.0,no_imagery
G0557,,False,0.0,no_imagery
G0558,,False,0.0,no_imagery
G0559,,False,0.0,no_imagery
G0560,,False,0.0,no_imagery
G0561,,False,0.0,no_imagery
G0562,,False,0.0,no_imagery
G0563,,False,0.0,no_imagery
G0564,,False,0.0,no_imagery
G0565,,False,0.0,no_imagery
G0566,,False,0.019287,below_threshold
G0567,CPT0567,True,0.874756,covered
G0568,CPT0568,True,1.0,covered
G0569,CPT0569,True,1.0,covered
G0570,CPT0570,True,1.0,covered
G0571,CPT0571,True,1.0,covered
G0572,CPT0572,True,0.936523,covered
G0573,,False,0.046875,below_threshold
G0574,,False,0.0,no_imagery
G0575,,False,0.0,no_imagery
G0576,,False,0.0,no_imagery
G0577,,False,0.0,no_imagery
G0578,,False,0.0,no_imagery
G0579,,False,0.0,no_imagery
G0580,,False,0.0,no_imagery
G0581,,False,0.0,no_imagery
G0582,,False,0.0,no_imagery
G0583,,False,0.0,no_imagery
G0584,,False,0.0,no_imagery
G0614,,False,0.0,no_imagery
G0615,,False,0.0,no_imagery
G0616,,False,0.0,no_imagery
G0617,,False,0.0,no_imagery
G0618,,False,0.0,no_imagery
G0619,,False,0.0,no_imagery
G0620,,False,0.0,no_imagery
G0621,,False,0.0,no_imagery
G0622,,False,0.0,no_imagery
G0623,CPT0623,True,0.091309,covered
G0624,CPT0624,True,0.96167,covered
G0625,CPT0625,True,1.0,covered
G0626,CPT0626,True,1.0,covered
G0627,CPT0627,True,1.0,covered
G0628,CPT0628,True,1.0,covered
G0629,CPT0629,True,1.0,covered
G0630,CPT0630,True,0.269043,covered
G0631,,False,0.0,no_imagery
G0632,,False,0.0,no_imagery
G0633,,False,0.0,no_imagery
G0634,,False,0.0,no_imagery
G0635,,False,0.0,no_imagery
G0636,,False,0.0,no_imagery
G0637,,False,0.0,no_imagery
G0638,,False,0.0,no_imagery
G0639,,False,0.0,no_imagery
G0640,,False,0.0,no_imagery
G0641,,False,0.0,no_imagery
G0671,,False,0.0,no_imagery
G0672,,False,0.0,no_imagery
G0673,,False,0.0,no_imagery
G0674,,False,0.0,no_imagery
G0675,,False,0.0,no_imagery
G0676,,False,0.0,no_imagery
G0677,,False,0.0,no_imagery
G0678,,False,0.0,no_imagery
G0679,,False,0.0,no_imagery
G0680,CPT0680,True,0.5979,covered
G0681,CPT0681,True,1.0,covered
G0682,CPT0682,True,1.0,covered
G0683,CPT0683,True,1.0,covered
G0684,CPT0684,True,1.0,covered
G0685,CPT0685,True,1.0,covered
G0686,CPT0686,True,1.0,covered
G0687,CPT0687,True,0.421387,covered
G0688,,False,0.0,no_imagery
G0689,,False,0.0,no_imagery
G0690,,False,0.0,no_imagery
G0691,,False,0.0,no_imagery
G0692,,False,0.0,no_imagery
G0693,,False,0.0,no_imagery
G0694,,False,0.0,no_imagery
G0695,,False,0.0,no_imagery
G0696,,False,0.0,no_imagery
G0697,,False,0.0,no_imagery
G0698,,False,0.0,no_imagery
G0727,,False,0.0,no_imagery
G0728,,False,0.0,no_imagery
G0729,,False,0.0,no_imagery
G0730,,False,0.0,no_imagery
G0731,,False,0.0,no_imagery
G0732,,False,0.0,no_imagery
G0733,,False,0.0,no_imagery
G0734,,False,0.0,no_imagery
G0735,CPT0735,True,0.32251,covered
G0736,CPT0736,True,0.99707,covered
G0737,CPT0737,True,1.0,covered
G0738,CPT0738,True,1.0,covered
G0739,CPT0739,True,1.0,covered
G0740,CPT0740,True,1.0,covered
G0741,CPT0741,True,1.0,covered
G0742,CPT0742,True,1.0,covered
G0743,CPT0743,True,0.821777,covered
G0744,,False,0.0,no_imagery
G0745,,False,0.0,no_imagery
G0746,,False,0.0,no_imagery
G0747,,False,0.0,no_imagery
G0748,,False,0.0,no_imagery
G0749,,False,0.0,no_imagery
G0750,,False,0.0,no_imagery
G0751,,False,0.0,no_imagery
G0752,,False,0.0,no_imagery
G0753,,False,0.0,no_imagery
G0754,,False,0.0,no_imagery
G0783,,False,0.0,no_imagery
G0784,,False,0.0,no_imagery
G0785,,False,0.0,no_imagery
G0786,,False,0.0,no_imagery
G0787,,False,0.0,no_imagery
G0788,,False,0.0,no_imagery
G0789,,False,0.0,no_imagery
G0790,CPT0790,True,0.198486,covered
G0791,CPT0791,True,0.983643,covered
G0792,CPT0792,True,1.0,covered
G0793,CPT0793,True,1.0,covered
G0794,CPT0794,True,1.0,covered
G0795,CPT0795,True,1.0,covered
G0796,CPT0796,True,1.0,covered
G0797,CPT0797,True,1.0,covered
G0798,CPT0798,True,1.0,covered
G0799,CPT0799,True,0.633301,covered
G0800,,False,0.0,no_imagery
G0801,,False,0.0,no_imagery
G0802,,False,0.0,no_imagery
G0803,,False,0.0,no_imagery
G0804,,False,0.0,no_imagery
G0805,,False,0.0,no_imagery
G0806,,False,0.0,no_imagery
G0807,,False,0.0,no_imagery
G0808,,False,0.0,no_imagery
G0809,,False,0.0,no_imagery
G0810,,False,0.0,no_imagery
G0839,,False,0.0,no_imagery
G0840,,False,0.0,no_imagery
G0841,,False,0.0,no_imagery
G0842,,False,0.0,no_imagery
G0843,,False,0.0,no_imagery
G0844,,False,0.0,no_imagery
G0845,,False,0.0,no_imagery
G0846,CPT0846,True,0.107666,covered
G0847,CPT0847,True,0.977539,covered
G0848,CPT0848,True,1.0,covered
G0849,CPT0849,True,1.0,covered
G0850,CPT0850,True,1.0,covered
G0851,CPT0851,True,1.0,covered
G0852,CPT0852,True,1.0,covered
G0853,CPT0853,True,1.0,covered
G0854,CPT0854,True,1.0,covered
G0855,CPT0855,True,0.431641,covered
G0856,,False,0.0,no_imagery
G0857,,False,0.0,no_imagery
G0858,,False,0.0,no_imagery
G0859,,False,0.0,no_imagery
G0860,,False,0.0,no_imagery
G0861,,False,0.0,no_imagery
G0862,,False,0.0,no_imagery
G0863,,False,0.0,no_imagery
G0864,,False,0.0,no_imagery
G0865,,False,0.0,no_imagery
G0866,,False,0.0,no_imagery
G0895,,False,0.0,no_imagery
G0896,,False,0.0,no_imagery
G0897,,False,0.0,no_imagery
G0898,,False,0.0,no_imagery
G0899,,False,0.0,no_imagery
G0900,,False,0.0,no_imagery
G0901,,False,0.0,no_imagery
G0902,CPT0902,True,0.234131,covered
G0903,CPT0903,True,0.995117,covered
G0904,CPT0904,True,1.0,covered
G0905,CPT0905,True,1.0,covered
G0906,CPT0906,True,1.0,covered
G0907,CPT0907,True,1.0,covered
G0908,CPT0908,True,1.0,covered
G0909,CPT0909,True,1.0,covered
G0910,CPT0910,True,1.0,covered
G0911,CPT0911,True,0.982178,covered
G0912,CPT0912,True,0.080566,covered
G0913,,False,0.0,no_imagery
G0914,,False,0.0,no_imagery
G0915,,False,0.0,no_imagery
G0916,,False,0.0,no_imagery
G0917,,False,0.0,no_imagery
G0918,,False,0.0,no_imagery
G0919,,False,0.0,no_imagery
G0920,,False,0.0,no_imagery
G0921,,False,0.0,no_imagery
G0922,,False,0.0,no_imagery
G0951,,False,0.0,no_imagery
G0952,,False,0.0,no_imagery
G0953,,False,0.0,no_imagery
G0954,,False,0.0,no_imagery
G0955,,False,0.0,no_imagery
G0956,,False,0.0,no_imagery
G0957,,False,0.0,no_imagery
G0958,CPT0958,True,0.495117,covered
G0959,CPT0959,True,1.0,covered
G0960,CPT0960,True,1.0,covered
G0961,CPT0961,True,1.0,covered
G0962,CPT0962,True,1.0,covered
G0963,CPT0963,True,1.0,covered
G0964,CPT0964,True,1.0,covered
G0965,CPT0965,True,1.0,covered
G0966,CPT0966,True,1.0,covered
G0967,CPT0967,True,0.966797,covered
G0968,,False,0.019775,below_threshold
G0969,,False,0.0,no_imagery
G0970,,False,0.0,no_imagery
G0971,,False,0.0,no_imagery
G0972,,False,0.0,no_imagery
G0973,,False,0.0,no_imagery
G0974,,False,0.0,no_imagery
G0975,,False,0.0,no_imagery
G0976,,False,0.0,no_imagery
G0977,,False,0.0,no_imagery
G0978,,False,0.0,no_imagery
G1007,,False,0.0,no_imagery
G1008,,False,0.0,no_imagery
G1009,,False,0.0,no_imagery
G1010,,False,0.0,no_imagery
G1011,,False,0.0,no_imagery
G1012,,False,0.0,no_imagery
G1013,,False,0.0,no_imagery
G1014,CPT1014,True,0.480713,covered
G1015,CPT1015,True,1.0,covered
G1016,CPT1016,True,1.0,covered
G1017,CPT1017,True,1.0,covered
G1018,CPT1018,True,1.0,covered
G1019,CPT1019,True,1.0,covered
G1020,CPT1020,True,1.0,covered
G1021,CPT1021,True,1.0,covered
G1022,CPT1022,True,1.0,covered
G1023,CPT1023,True,0.980225,covered
G1024,CPT1024,True,0.074707,covered
G1025,,False,0.0,no_imagery
G1026,,False,0.0,no_imagery
G1027,,False,0.0,no_imagery
G1028,,False,0.0,no_imagery
G1029,,False,0.0,no_imagery
G1030,,False,0.0,no_imagery
G1031,,False,0.0,no_imagery
G1032,,False,0.0,no_imagery
G1033,,False,0.0,no_imagery
G1034,,False,0.0,no_imagery
G1063,,False,0.0,no_imagery
G1064,,False,0.0,no_imagery
G1065,,False,0.0,no_imagery
G1066,,False,0.0,no_imagery
G1067,,False,0.0,no_imagery
G1068,,False,0.0,no_imagery
G1069,,False,0.0,no_imagery
G1070,CPT1070,True,0.592773,covered
G1071,CPT1071,True,1.0,covered
G1072,CPT1072,True,1.0,covered
G1073,CPT1073,True,1.0,covered
G1074,CPT1074,True,1.0,covered
G1075,CPT1075,True,1.0,covered
G1076,CPT1076,True,1.0,covered
G1077,CPT1077,True,1.0,covered
G1078,CPT1078,True,1.0,covered
G1079,CPT1079,True,0.567383,covered
G1080,,False,0.018066,below_threshold
G1081,,False,0.0,no_imagery
G1082,,False,0.0,no_imagery
G1083,,False,0.0,no_imagery
G1084,,False,0.0,no_imagery
G1085,,False,0.0,no_imagery
G1086,,False,0.0,no_imagery
G1087,,False,0.0,no_imagery
G1088,,False,0.0,no_imagery
G1089,,False,0.0,no_imagery
G1090,,False,0.0,no_imagery
G1119,,False,0.0,no_imagery
G1120,,False,0.0,no_imagery
G1121,,False,0.0,no_imagery
G1122,,False,0.0,no_imagery
G1123,,False,0.0,no_imagery
G1124,,False,0.0,no_imagery
G1125,CPT1125,True,0.058594,covered
G1126,CPT1126,True,0.927246,covered
G1127,CPT1127,True,1.0,covered
G1128,CPT1128,True,1.0,covered
G1129,CPT1129,True,1.0,covered
G1130,CPT1130,True,1.0,covered
G1131,CPT1131,True,1.0,covered
G1132,CPT1132,True,1.0,covered
G1133,CPT1133,True,1.0,covered
G1134,CPT1134,True,0.956299,covered
G1135,,False,0.007568,below_threshold
G1136,,False,0.0,no_imagery
G1137,,False,0.0,no_imagery
G1138,,False,0.0,no_imagery
G1139,,False,0.0,no_imagery
G1140,,False,0.0,no_imagery
G1141,,False,0.0,no_imagery
G1142,,False,0.0,no_imagery
G1143,,False,0.0,no_imagery
G1144,,False,0.0,no_imagery
G1145,,False,0.0,no_imagery
G1146,,False,0.0,no_imagery
G1175,,False,0.0,no_imagery
G1176,,False,0.0,no_imagery
G1177,,False,0.0,no_imagery
G1178,,False,0.0,no_imagery
G1179,,False,0.0,no_imagery
G1180,,False,0.0,no_imagery
G1181,CPT1181,True,0.26001,covered
G1182,CPT1182,True,1.0,covered
G1183,CPT1183,True,1.0,covered
G1184,CPT1184,True,1.0,covered
G1185,CPT1185,True,1.0,covered
G1186,CPT1186,True,1.0,covered
G1187,CPT1187,True,1.0,covered
G1188,CPT1188,True,1.0,covered
G1189,CPT1189,True,1.0,covered
G1190,CPT1190,True,0.614258,covered
G1191,,False,0.0,no_imagery
G1192,,False,0.0,no_imagery
G1193,,False,0.0,no_imagery
G1194,,False,0.0,no_imagery
G1195,,False,0.0,no_imagery
G1196,,False,0.0,no_imagery
G1197,,False,0.0,no_imagery
G1198,,False,0.0,no_imagery
G1199,,False,0.0,no_imagery
G1200,,False,0.0,no_imagery
G1201,,False,0.0,no_imagery
G1202,,False,0.0,no_imagery
G1231,,False,0.0,no_imagery
G1232,,False,0.0,no_imagery
G1233,,False,0.0,no_imagery
G1234,,False,0.0,no_imagery
G1235,,False,0.0,no_imagery
G1236,,False,0.0,no_imagery
G1237,CPT1237,True,0.300781,covered
G1238,CPT1238,True,1.0,covered
G1239,CPT1239,True,1.0,covered
G1240,CPT1240,True,1.0,covered
G1241,CPT1241,True,1.0,covered
G1242,CPT1242,True,1.0,covered
G1243,CPT1243,True,1.0,covered
G1244,CPT1244,True,1.0,covered
G1245,CPT1245,True,0.948242,covered
G1246,CPT1246,True,0.137695,covered
G1247,,False,0.0,no_imagery
G1248,,False,0.0,no_imagery
G1249,,False,0.0,no_imagery
G1250,,False,0.0,no_imagery
G1251,,False,0.0,no_imagery
G1252,,False,0.0,no_imagery
G1253,,False,0.0,no_imagery
G1254,,False,0.0,no_imagery
G1255,,False,0.0,no_imagery
G1256,,False,0.0,no_imagery
G1257,,False,0.0,no_imagery
G1258,,False,0.0,no_imagery
G1287,,False,0.0,no_imagery
G1288,,False,0.0,no_imagery
G1289,,False,0.0,no_imagery
G1290,,False,0.0,no_imagery
G1291,,False,0.0,no_imagery
G1292,,False,0.0,no_imagery
G1293,CPT1293,True,0.717773,covered
G1294,CPT1294,True,1.0,covered
G1295,CPT1295,True,1.0,covered
G1296,CPT1296,True,1.0,covered
G1297,CPT1297,True,1.0,covered
G1298,CPT1298,True,1.0,covered
G1299,CPT1299,True,0.908203,covered
G1300,CPT1300,True,0.875977,covered
G1301,CPT1301,True,0.167236,covered
G1302,,False,0.0,no_imagery
G1303,,False,0.0,no_imagery
G1304,,False,0.0,no_imagery
G1305,,False,0.0,no_imagery
G1306,,False,0.0,no_imagery
G1307,,False,0.0,no_imagery
G1308,,False,0.0,no_imagery
G1309,,False,0.0,no_imagery
G1310,,False,0.0,no_imagery
G1311,,False,0.0,no_imagery
G1312,,False,0.0,no_imagery
G1313,,False,0.0,no_imagery
G1314,,False,0.0,no_imagery
G1343,,False,0.0,no_imagery
G1344,,False,0.0,no_imagery
G1345,,False,0.0,no_imagery
G1346,CPT1346,True,0.134277,covered
G1347,CPT1347,True,0.478027,covered
G1348,CPT1348,True,0.67041,covered
G1349,CPT1349,True,0.999756,covered
G1350,CPT1350,True,1.0,covered
G1351,CPT1351,True,1.0,covered
G1352,CPT1352,True,1.0,covered
G1353,CPT1353,True,1.0,covered
G1354,CPT1354,True,1.0,covered
G1355,CPT1355,True,0.265625,covered
G1356,CPT1356,True,0.125977,covered
G1357,,False,0.0,no_imagery
G1358,,False,0.0,no_imagery
G1359,,False,0.0,no_imagery
G1360,,False,0.0,no_imagery
G1361,,False,0.0,no_imagery
G1362,,False,0.0,no_imagery
G1363,,False,0.0,no_imagery
G1364,,False,0.0,no_imagery
G1365,,False,0.0,no_imagery
G1366,,False,0.0,no_imagery
G1367,,False,0.0,no_imagery
G1368,,False,0.0,no_imagery
G1369,,False,0.0,no_imagery
G1370,,False,0.0,no_imagery
G1399,,False,0.0,no_imagery
G1400,,False,0.0,no_imagery
G1401,,False,0.0,no_imagery
G1402,CPT1402,True,0.678955,covered
G1403,CPT1403,True,1.0,covered
G1404,CPT1404,True,1.0,covered
G1405,CPT1405,True,1.0,covered
G1406,CPT1406,True,1.0,covered
G1407,CPT1407,True,1.0,covered
G1408,CPT1408,True,1.0,covered
G1409,CPT1409,True,1.0,covered
G1410,CPT1410,True,1.0,covered
G1411,CPT1411,True,0.526611,covered
G1412,,False,0.0,no_imagery
G1413,,False,0.0,no_imagery
G1414,,False,0.0,no_imagery
G1415,,False,0.0,no_imagery
G1416,,False,0.0,no_imagery
G1417,,False,0.0,no_imagery
G1418,,False,0.0,no_imagery
G1419,,False,0.0,no_imagery
G1420,,False,0.0,no_imagery
G1421,,False,0.0,no_imagery
G1422,,False,0.0,no_imagery
G1423,,False,0.0,no_imagery
G1424,,False,0.0,no_imagery
G1425,,False,0.0,no_imagery
G1426,,False,0.0,no_imagery
G1455,,False,0.0,no_imagery
G1456,,False,0.0,no_imagery
G1457,CPT1457,True,0.241211,covered
G1458,CPT1458,True,0.989014,covered
G1459,CPT1459,True,1.0,covered
G1460,CPT1460,True,1.0,covered
G1461,CPT1461,True,1.0,covered
G1462,CPT1462,True,1.0,covered
G1463,CPT1463,True,1.0,covered
G1464,CPT1464,True,1.0,covered
G1465,CPT1465,True,1.0,covered
G1466,CPT1466,True,1.0,covered
G1467,CPT1467,True,0.781982,covered
G1468,,False,0.0,no_imagery
G1469,,False,0.0,no_imagery
G1470,,False,0.0,no_imagery
G1471,,False,0.0,no_imagery
G1472,,False,0.0,no_imagery
G1473,,False,0.0,no_imagery
G1474,,False,0.0,no_imagery
G1475,,False,0.0,no_imagery
G1476,,False,0.0,no_imagery
G1477,,False,0.0,no_imagery
G1478,,False,0.0,no_imagery
G1479,,False,0.0,no_imagery
G1480,,False,0.0,no_imagery
G1481,,False,0.0,no_imagery
G1482,,False,0.0,no_imagery
G1511,,False,0.0,no_imagery
G1512,,False,0.03418,below_threshold
G1513,CPT1513,True,0.90625,covered
G1514,CPT1514,True,1.0,covered
G1515,CPT1515,True,1.0,covered
G1516,CPT1516,True,1.0,covered
G1517,CPT1517,True,1.0,covered
G1518,CPT1518,True,1.0,covered
G1519,CPT1519,True,1.0,covered
G1520,CPT1520,True,1.0,covered
G1521,CPT1521,True,1.0,covered
G1522,CPT1522,True,1.0,covered
G1523,CPT1523,True,0.994629,covered
G1524,CPT1524,True,0.203613,covered
G1525,,False,0.0,no_imagery
G1526,,False,0.0,no_imagery
G1527,,False,0.0,no_imagery
G1528,,False,0.0,no_imagery
G1529,,False,0.0,no_imagery
G1530,,False,0.0,no_imagery
G1531,,False,0.0,no_imagery
G1532,,False,0.0,no_imagery
G1533,,False,0.0,no_imagery
G1534,,False,0.0,no_imagery
G1535,,False,0.0,no_imagery
G1536,,False,0.0,no_imagery
G1537,,False,0.0,no_imagery
G1538,,False,0.0,no_imagery
G1567,,False,0.0,no_imagery
G1568,CPT1568,True,0.11377,covered
G1569,CPT1569,True,0.996094,covered
G1570,CPT1570,True,1.0,covered
G1571,CPT1571,True,1.0,covered
G1572,CPT1572,True,1.0,covered
G1573,CPT1573,True,1.0,covered
G1574,CPT1574,True,1.0,covered
G1575,CPT1575,True,1.0,covered
G1576,CPT1576,True,1.0,covered
G1577,CPT1577,True,1.0,covered
G1578,CPT1578,True,1.0,covered
G1579,CPT1579,True,0.988525,covered
G1580,CPT1580,True,0.25293,covered
G1581,,False,0.0,no_imagery
G1582,,False,0.0,no_imagery
G1583,,False,0.0,no_imagery
G1584,,False,0.0,no_imagery
G1585,,False,0.0,no_imagery
G1586,,False,0.0,no_imagery
G1587,,False,0.0,no_imagery
G1588,,False,0.0,no_imagery
G1589,,False,0.0,no_imagery
G1590,,False,0.0,no_imagery
G1591,,False,0.0,no_imagery
G1592,,False,0.0,no_imagery
G1593,,False,0.0,no_imagery
G1594,,False,0.0,no_imagery
G1623,,False,0.0,no_imagery
G1624,,False,0.0,no_imagery
G1625,CPT1625,True,0.330322,covered
G1626,CPT1626,True,0.891113,covered
G1627,CPT1627,True,1.0,covered
G1628,CPT1628,True,1.0,covered
G1629,CPT1629,True,1.0,covered
G1630,CPT1630,True,1.0,covered
G1631,CPT1631,True,1.0,covered
G1632,CPT1632,True,1.0,covered
G1633,CPT1633,True,1.0,covered
G1634,CPT1634,True,1.0,covered
G1635,CPT1635,True,0.895996,covered
G1636,CPT1636,True,0.216553,covered
G1637,,False,0.018555,below_threshold
G1638,,False,0.0,no_imagery
G1639,,False,0.0,no_imagery
G1640,,False,0.0,no_imagery
G1641,,False,0.0,no_imagery
G1642,,False,0.0,no_imagery
G1643,,False,0.0,no_imagery
G1644,,False,0.0,no_imagery
G1645,,False,0.0,no_imagery
G1646,,False,0.0,no_imagery
G1647,,False,0.0,no_imagery
G1648,,False,0.0,no_imagery
G1649,,False,0.0,no_imagery
G1650,,False,0.0,no_imagery
G1679,,False,0.0,no_imagery
G1680,,False,0.0,no_imagery
G1681,,False,0.0,no_imagery
G1682,CPT1682,True,0.281982,covered
G1683,CPT1683,True,0.835205,covered
G1684,CPT1684,True,1.0,covered
G1685,CPT1685,True,1.0,covered
G1686,CPT1686,True,1.0,covered
G1687,CPT1687,True,1.0,covered
G1688,CPT1688,True,1.0,covered
G1689,CPT1689,True,1.0,covered
G1690,CPT1690,True,1.0,covered
G1691,CPT1691,True,1.0,covered
G1692,CPT1692,True,1.0,covered
G1693,CPT1693,True,0.357422,covered
G1694,,False,0.0,no_imagery
G1695,,False,0.0,no_imagery
G1696,,False,0.0,no_imagery
G1697,,False,0.0,no_imagery
G1698,,False,0.0,no_imagery
G1699,,False,0.0,no_imagery
G1700,,False,0.0,no_imagery
G1701,,False,0.0,no_imagery
G1702,,False,0.0,no_imagery
G1703,,False,0.0,no_imagery
G1704,,False,0.0,no_imagery
G1705,,False,0.0,no_imagery
G1706,,False,0.0,no_imagery
G1735,,False,0.0,no_imagery
G1736,,False,0.0,no_imagery
G1737,,False,0.0,no_imagery
G1738,,False,0.0,no_imagery
G1739,CPT1739,True,0.312256,covered
G1740,CPT1740,True,1.0,covered
G1741,CPT1741,True,1.0,covered
G1742,CPT1742,True,1.0,covered
G1743,CPT1743,True,1.0,covered
G1744,CPT1744,True,1.0,covered
G1745,CPT1745,True,1.0,covered
G1746,CPT1746,True,1.0,covered
G1747,CPT1747,True,1.0,covered
G1748,CPT1748,True,1.0,covered
G1749,CPT1749,True,0.947266,covered
G1750,CPT1750,True,0.243164,covered
G1751,,False,0.0,no_imagery
G1752,,False,0.0,no_imagery
G1753,,False,0.0,no_imagery
G1754,,False,0.0,no_imagery
G1755,,False,0.0,no_imagery
G1756,,False,0.0,no_imagery
G1757,,False,0.0,no_imagery
G1758,,False,0.0,no_imagery
G1759,,False,0.0,no_imagery
G1760,,False,0.0,no_imagery
G1761,,False,0.0,no_imagery
G1762,,False,0.0,no_imagery
G1791,,False,0.0,no_imagery
G1792,,False,0.0,no_imagery
G1793,,False,0.0,no_imagery
G1794,,False,0.0,no_imagery
G1795,CPT1795,True,0.138428,covered
G1796,CPT1796,True,1.0,covered
G1797,CPT1797,True,1.0,covered
G1798,CPT1798,True,1.0,covered
G1799,CPT1799,True,1.0,covered
G1800,CPT1800,True,1.0,covered
G1801,CPT1801,True,1.0,covered
G1802,CPT1802,True,1.0,covered
G1803,CPT1803,True,1.0,covered
G1804,CPT1804,True,1.0,covered
G1805,CPT1805,True,1.0,covered
G1806,CPT1806,True,0.909668,covered
G1807,CPT1807,True,0.279785,covered
G1808,,False,0.001953,below_threshold
G1809,,False,0.0,no_imagery
G1810,,False,0.0,no_imagery
G1811,,False,0.0,no_imagery
G1812,,False,0.0,no_imagery
G1813,,False,0.0,no_imagery
G1814,,False,0.0,no_imagery
G1815,,False,0.0,no_imagery
G1816,,False,0.0,no_imagery
G1817,,False,0.0,no_imagery
G1818,,False,0.0,no_imagery
G1847,,False,0.0,no_imagery
G1848,,False,0.0,no_imagery
G1849,,False,0.0,no_imagery
G1850,,False,0.0,no_imagery
G1851,CPT1851,True,0.157959,covered
G1852,CPT1852,True,1.0,covered
G1853,CPT1853,True,1.0,covered
G1854,CPT1854,True,1.0,covered
G1855,CPT1855,True,1.0,covered
G1856,CPT1856,True,1.0,covered
G1857,CPT1857,True,1.0,covered
G1858,CPT1858,True,1.0,covered
G1859,CPT1859,True,1.0,covered
G1860,CPT1860,True,1.0,covered
G1861,CPT1861,True,1.0,covered
G1862,CPT1862,True,1.0,covered
G1863,CPT1863,True,1.0,covered
G1864,CPT1864,True,0.8396,covered
G1865,CPT1865,True,0.483643,covered
G1866,CPT1866,True,0.15625,covered
G1867,,False,0.0,no_imagery
G1868,,False,0.0,no_imagery
G1869,,False,0.0,no_imagery
G1870,,False,0.0,no_imagery
G1871,,False,0.0,no_imagery
G1872,,False,0.0,no_imagery
G1873,,False,0.0,no_imagery
G1874,,False,0.0,no_imagery
G1903,,False,0.0,no_imagery
G1904,,False,0.0,no_imagery
G1905,,False,0.0,no_imagery
G1906,,False,0.0,no_imagery
G1907,CPT1907,True,0.294922,covered
G1908,CPT1908,True,1.0,covered
G1909,CPT1909,True,1.0,covered
G1910,CPT1910,True,1.0,covered
G1911,CPT1911,True,1.0,covered
G1912,CPT1912,True,1.0,covered
G1913,CPT1913,True,1.0,covered
G1914,CPT1914,True,1.0,covered
G1915,CPT1915,True,1.0,covered
G1916,CPT1916,True,1.0,covered
G1917,CPT1917,True,1.0,covered
G1918,CPT1918,True,1.0,covered
G1919,CPT1919,True,1.0,covered
G1920,CPT1920,True,0.999756,covered
G1921,CPT1921,True,1.0,covered
G1922,CPT1922,True,0.999512,covered
G1923,CPT1923,True,0.850098,covered
G1924,CPT1924,True,0.553467,covered
G1925,CPT1925,True,0.317383,covered
G1926,CPT1926,True,0.166992,covered
G1927,,False,0.0,no_imagery
G1928,,False,0.0,no_imagery
G1929,,False,0.0,no_imagery
G1930,,False,0.0,no_imagery
G1959,,False,0.0,no_imagery
G1960,,False,0.0,no_imagery
G1961,,False,0.0,no_imagery
G1962,,False,0.0,no_imagery
G1963,,False,0.028076,below_threshold
G1964,CPT1964,True,0.967773,covered
G1965,CPT1965,True,1.0,covered
G1966,CPT1966,True,1.0,covered
G1967,CPT1967,True,1.0,covered
G1968,CPT1968,True,1.0,covered
G1969,CPT1969,True,1.0,covered
G1970,CPT1970,True,1.0,covered
G1971,CPT1971,True,1.0,covered
G1972,CPT1972,True,1.0,covered
G1973,CPT1973,True,1.0,covered
G1974,CPT1974,True,1.0,covered
G1975,CPT1975,True,1.0,covered
G1976,CPT1976,True,1.0,covered
G1977,CPT1977,True,1.0,covered
G1978,CPT1978,True,1.0,covered
G1979,CPT1979,True,1.0,covered
G1980,CPT1980,True,1.0,covered
G1981,CPT1981,True,1.0,covered
G1982,CPT1982,True,0.999756,covered
G1983,CPT1983,True,0.827881,covered
G1984,CPT1984,True,0.486572,covered
G1985,CPT1985,True,0.177246,covered
G1986,,False,0.0,no_imagery
G2015,,False,0.0,no_imagery
G2016,,False,0.0,no_imagery
G2017,,False,0.0,no_imagery
G2018,,False,0.0,no_imagery
G2019,,False,0.0,no_imagery
G2020,CPT2020,True,0.463867,covered
G2021,CPT2021,True,0.999268,covered
G2022,CPT2022,True,1.0,covered
G2023,CPT2023,True,1.0,covered
G2024,CPT2024,True,1.0,covered
G2025,CPT2025,True,1.0,covered
G2026,CPT2026,True,1.0,covered
G2027,CPT2027,True,1.0,covered
G2028,CPT2028,True,1.0,covered
G2029,CPT2029,True,0.999756,covered
G2030,CPT2030,True,1.0,covered
G2031,CPT2031,True,1.0,covered
G2032,CPT2032,True,1.0,covered
G2033,CPT2033,True,1.0,covered
G2034,CPT2034,True,1.0,covered
G2035,CPT2035,True,1.0,covered
G2036,CPT2036,True,1.0,covered
G2037,CPT2037,True,1.0,covered
G2038,CPT2038,True,1.0,covered
G2039,CPT2039,True,1.0,covered
G2040,CPT2040,True,1.0,covered
G2041,CPT2041,True,0.999023,covered
G2042,CPT2042,True,0.847656,covered
G2071,,False,0.0,no_imagery
G2072,,False,0.0,no_imagery
G2073,CPT2073,True,0.098145,covered
G2074,CPT2074,True,0.448486,covered
G2075,CPT2075,True,0.164795,covered
G2076,CPT2076,True,0.101318,covered
G2077,CPT2077,True,0.981689,covered
G2078,CPT2078,True,1.0,covered
G2079,CPT2079,True,1.0,covered
G2080,CPT2080,True,1.0,covered
G2081,CPT2081,True,1.0,covered
G2082,CPT2082,True,1.0,covered
G2083,CPT2083,True,1.0,covered
G2084,CPT2084,True,1.0,covered
G2085,CPT2085,True,0.998535,covered
G2086,CPT2086,True,1.0,covered
G2087,CPT2087,True,1.0,covered
G2088,CPT2088,True,1.0,covered
G2089,CPT2089,True,1.0,covered
G2090,CPT2090,True,1.0,covered
G2091,CPT2091,True,1.0,covered
G2092,CPT2092,True,1.0,covered
G2093,CPT2093,True,1.0,covered
G2094,CPT2094,True,1.0,covered
G2095,CPT2095,True,1.0,covered
G2096,CPT2096,True,1.0,covered
G2097,CPT2097,True,1.0,covered
G2098,CPT2098,True,1.0,covered
G2127,,False,0.0,no_imagery
G2128,,False,0.022705,below_threshold
G2129,CPT2129,True,0.836182,covered
G2130,CPT2130,True,1.0,covered
G2131,CPT2131,True,0.718262,covered
G2132,CPT2132,True,0.405029,covered
G2133,CPT2133,True,1.0,covered
G2134,CPT2134,True,1.0,covered
G2135,CPT2135,True,1.0,covered
G2136,CPT2136,True,1.0,covered
G2137,CPT2137,True,1.0,covered
G2138,CPT2138,True,1.0,covered
G2139,CPT2139,True,1.0,covered
G2140,CPT2140,True,1.0,covered
G2141,CPT2141,True,1.0,covered
G2142,CPT2142,True,1.0,covered
G2143,CPT2143,True,1.0,covered
G2144,CPT2144,True,1.0,covered
G2145,CPT2145,True,1.0,covered
G2146,CPT2146,True,1.0,covered
G2147,CPT2147,True,1.0,covered
G2148,CPT2148,True,1.0,covered
G2149,CPT2149,True,1.0,covered
G2150,CPT2150,True,1.0,covered
G2151,CPT2151,True,1.0,covered
G2152,CPT2152,True,1.0,covered
G2153,CPT2153,True,1.0,covered
G2154,CPT2154,True,1.0,covered
G2183,,False,0.0,no_imagery
G2184,CPT2184,True,0.216309,covered
G2185,CPT2185,True,0.784424,covered
G2186,CPT2186,True,1.0,covered
G2187,CPT2187,True,1.0,covered
G2188,CPT2188,True,0.956787,covered
G2189,CPT2189,True,0.945801,covered
G2190,CPT2190,True,1.0,covered
G2191,CPT2191,True,1.0,covered
G2192,CPT2192,True,1.0,covered
G2193,CPT2193,True,1.0,covered
G2194,CPT2194,True,1.0,covered
G2195,CPT2195,True,1.0,covered
G2196,CPT2196,True,1.0,covered
G2197,CPT2197,True,1.0,covered
G2198,CPT2198,True,1.0,covered
G2199,CPT2199,True,1.0,covered
G2200,CPT2200,True,1.0,covered
G2201,CPT2201,True,1.0,covered
G2202,CPT2202,True,1.0,covered
G2203,CPT2203,True,1.0,covered
G2204,CPT2204,True,1.0,covered
G2205,CPT2205,True,1.0,covered
G2206,CPT2206,True,1.0,covered
G2207,CPT2207,True,1.0,covered
G2208,CPT2208,True,1.0,covered
G2209,CPT2209,True,1.0,covered
G2210,CPT2210,True,1.0,covered
G2211,CPT2211,True,1.0,covered
G2240,,False,0.0,no_imagery
G2241,CPT2241,True,0.193848,covered
G2242,CPT2242,True,0.905518,covered
G2243,CPT2243,True,1.0,covered
G2244,CPT2244,True,1.0,covered
G2245,CPT2245,True,1.0,covered
G2246,CPT2246,True,1.0,covered
G2247,CPT2247,True,1.0,covered
G2248,CPT2248,True,1.0,covered
G2249,CPT2249,True,1.0,covered
G2250,CPT2250,True,1.0,covered
G2251,CPT2251,True,1.0,covered
G2252,CPT2252,True,1.0,covered
G2253,CPT2253,True,1.0,covered
G2254,CPT2254,True,1.0,covered
G2255,CPT2255,True,0.999512,covered
G2256,CPT2256,True,1.0,covered
G2257,CPT2257,True,1.0,covered
G2258,CPT2258,True,1.0,covered
G2259,CPT2259,True,1.0,covered
G2260,CPT2260,True,1.0,covered
G2261,CPT2261,True,1.0,covered
G2262,CPT2262,True,1.0,covered
G2263,CPT2263,True,1.0,covered
G2264,CPT2264,True,1.0,covered
G2265,CPT2265,True,1.0,covered
G2266,CPT2266,True,1.0,covered
G2267,CPT2267,True,1.0,covered
G2268,CPT2268,True,1.0,covered
G2297,,False,0.0,no_imagery
G2298,CPT2298,True,0.098877,covered
G2299,CPT2299,True,0.520264,covered
G2300,CPT2300,True,0.806641,covered
G2301,CPT2301,True,1.0,covered
G2302,CPT2302,True,1.0,covered
G2303,CPT2303,True,1.0,covered
G2304,CPT2304,True,1.0,covered
G2305,CPT2305,True,1.0,covered
G2306,CPT2306,True,1.0,covered
G2307,CPT2307,True,1.0,covered
G2308,CPT2308,True,1.0,covered
G2309,CPT2309,True,1.0,covered
G2310,CPT2310,True,1.0,covered
G2311,CPT2311,True,1.0,covered
G2312,CPT2312,True,1.0,covered
G2313,CPT2313,True,1.0,covered
G2314,CPT2314,True,1.0,covered
G2315,CPT2315,True,1.0,covered
G2316,CPT2316,True,1.0,covered
G2317,CPT2317,True,1.0,covered
G2318,CPT2318,True,1.0,covered
G2319,CPT2319,True,1.0,covered
G2320,CPT2320,True,1.0,covered
G2321,CPT2321,True,1.0,covered
G2322,CPT2322,True,1.0,covered
G2323,CPT2323,True,1.0,covered
G2324,CPT2324,True,1.0,covered
G2325,CPT2325,True,1.0,covered
G2354,,False,0.0,no_imagery
G2355,,False,0.0,no_imagery
G2356,,False,0.0,no_imagery
G2357,CPT2357,True,0.270752,covered
G2358,CPT2358,True,1.0,covered
G2359,CPT2359,True,1.0,covered
G2360,CPT2360,True,1.0,covered
G2361,CPT2361,True,1.0,covered
G2362,CPT2362,True,1.0,covered
G2363,CPT2363,True,1.0,covered
G2364,CPT2364,True,1.0,covered
G2365,CPT2365,True,1.0,covered
G2366,CPT2366,True,1.0,covered
G2367,CPT2367,True,1.0,covered
G2368,CPT2368,True,1.0,covered
G2369,CPT2369,True,1.0,covered
G2370,CPT2370,True,1.0,covered
G2371,CPT2371,True,1.0,covered
G2372,CPT2372,True,1.0,covered
G2373,CPT2373,True,1.0,covered
G2374,CPT2374,True,1.0,covered
G2375,CPT2375,True,1.0,covered
G2376,CPT2376,True,1.0,covered
G2377,CPT2377,True,1.0,covered
G2378,CPT2378,True,1.0,covered
G2379,CPT2379,True,1.0,covered
G2380,CPT2380,True,1.0,covered
G2381,CPT2381,True,1.0,covered
G2382,CPT2382,True,1.0,covered
G2411,,False,0.0,no_imagery
G2412,,False,0.0,no_imagery
G2413,,False,0.0,no_imagery
G2414,CPT2414,True,0.058105,covered
G2415,CPT2415,True,0.822998,covered
G2416,CPT2416,True,1.0,covered
G2417,CPT2417,True,1.0,covered
G2418,CPT2418,True,1.0,covered
G2419,CPT2419,True,1.0,covered
G2420,CPT2420,True,1.0,covered
G2421,CPT2421,True,1.0,covered
G2422,CPT2422,True,1.0,covered
G2423,CPT2423,True,1.0,covered
G2424,CPT2424,True,1.0,covered
G2425,CPT2425,True,1.0,covered
G2426,CPT2426,True,1.0,covered
G2427,CPT2427,True,1.0,covered
G2428,CPT2428,True,1.0,covered
G2429,CPT2429,True,1.0,covered
G2430,CPT2430,True,1.0,covered
G2431,CPT2431,True,1.0,covered
G2432,CPT2432,True,1.0,covered
G2433,CPT2433,True,1.0,covered
G2434,CPT2434,True,1.0,covered
G2435,CPT2435,True,1.0,covered
G2436,CPT2436,True,1.0,covered
G2437,CPT2437,True,1.0,covered
G2438,CPT2438,True,1.0,covered
G2439,CPT2439,True,1.0,covered
G2468,,False,0.0,no_imagery
G2469,,False,0.0,no_imagery
G2470,,False,0.0,no_imagery
G2471,,False,0.0,no_imagery
G2472,CPT2472,True,0.408447,covered
G2473,CPT2473,True,1.0,covered
G2474,CPT2474,True,1.0,covered
G2475,CPT2475,True,1.0,covered
G2476,CPT2476,True,1.0,covered
G2477,CPT2477,True,1.0,covered
G2478,CPT2478,True,1.0,covered
G2479,CPT2479,True,1.0,covered
G2480,CPT2480,True,1.0,covered
G2481,CPT2481,True,1.0,covered
G2482,CPT2482,True,1.0,covered
G2483,CPT2483,True,1.0,covered
G2484,CPT2484,True,1.0,covered
G2485,CPT2485,True,1.0,covered
G2486,CPT2486,True,1.0,covered
G2487,CPT2487,True,1.0,covered
G2488,CPT2488,True,1.0,covered
G2489,CPT2489,True,1.0,covered
G2490,CPT2490,True,1.0,covered
G2491,CPT2491,True,1.0,covered
G2492,CPT2492,True,1.0,covered
G2493,CPT2493,True,1.0,covered
G2494,CPT2494,True,1.0,covered
G2495,CPT2495,True,1.0,covered
G2496,CPT2496,True,1.0,covered
G2525,,False,0.0,no_imagery
G2526,,False,0.0,no_imagery
G2527,,False,0.0,no_imagery
G2528,,False,0.0,no_imagery
G2529,CPT2529,True,0.153076,covered
G2530,CPT2530,True,0.969238,covered
G2531,CPT2531,True,1.0,covered
G2532,CPT2532,True,1.0,covered
G2533,CPT2533,True,1.0,covered
G2534,CPT2534,True,1.0,covered
G2535,CPT2535,True,1.0,covered
G2536,CPT2536,True,1.0,covered
G2537,CPT2537,True,1.0,covered
G2538,CPT2538,True,1.0,covered
G2539,CPT2539,True,1.0,covered
G2540,CPT2540,True,1.0,covered
G2541,CPT2541,True,1.0,covered
G2542,CPT2542,True,1.0,covered
G2543,CPT2543,True,1.0,covered
G2544,CPT2544,True,1.0,covered
G2545,CPT2545,True,1.0,covered
G2546,CPT2546,True,1.0,covered
G2547,CPT2547,True,1.0,covered
G2548,CPT2548,True,1.0,covered
G2549,CPT2549,True,1.0,covered
G2550,CPT2550,True,1.0,covered
G2551,CPT2551,True,1.0,covered
G2552,CPT2552,True,1.0,covered
G2553,CPT2553,True,1.0,covered
G2582,,False,0.0,no_imagery
G2583,,False,0.0,no_imagery
G2584,,False,0.0,no_imagery
G2585,,False,0.0,no_imagery
G2586,,False,0.0,no_imagery
G2587,CPT2587,True,0.170898,covered
G2588,CPT2588,True,0.823975,covered
G2589,CPT2589,True,1.0,covered
G2590,CPT2590,True,1.0,covered
G2591,CPT2591,True,1.0,covered
G2592,CPT2592,True,1.0,covered
G2593,CPT2593,True,1.0,covered
G2594,CPT2594,True,1.0,covered
G2595,CPT2595,True,1.0,covered
G2596,CPT2596,True,1.0,covered
G2597,CPT2597,True,1.0,covered
G2598,CPT2598,True,1.0,covered
G2599,CPT2599,True,1.0,covered
G2600,CPT2600,True,1.0,covered
G2601,CPT2601,True,1.0,covered
G2602,CPT2602,True,1.0,covered
G2603,CPT2603,True,1.0,covered
G2604,CPT2604,True,1.0,covered
G2605,CPT2605,True,1.0,covered
G2606,CPT2606,True,1.0,covered
G2607,CPT2607,True,1.0,covered
G2608,CPT2608,True,1.0,covered
G2609,CPT2609,True,1.0,covered
G2610,CPT2610,True,0.999268,covered
G2639,,False,0.0,no_imagery
G2640,,False,0.0,no_imagery
G2641,,False,0.0,no_imagery
G2642,,False,0.0,no_imagery
G2643,,False,0.0,no_imagery
G2644,,False,0.0,no_imagery
G2645,,False,0.04126,below_threshold
G2646,CPT2646,True,0.901611,covered
G2647,CPT2647,True,1.0,covered
G2648,CPT2648,True,1.0,covered
G2649,CPT2649,True,1.0,covered
G2650,CPT2650,True,1.0,covered
G2651,CPT2651,True,1.0,covered
G2652,CPT2652,True,1.0,covered
G2653,CPT2653,True,1.0,covered
G2654,CPT2654,True,1.0,covered
G2655,CPT2655,True,1.0,covered
G2656,CPT2656,True,1.0,covered
G2657,CPT2657,True,1.0,covered
G2658,CPT2658,True,1.0,covered
G2659,CPT2659,True,1.0,covered
G2660,CPT2660,True,1.0,covered
G2661,CPT2661,True,1.0,covered
G2662,CPT2662,True,1.0,covered
G2663,CPT2663,True,1.0,covered
G2664,CPT2664,True,1.0,covered
G2665,CPT2665,True,1.0,covered
G2666,CPT2666,True,1.0,covered
G2667,CPT2667,True,1.0,covered
G2696,,False,0.0,no_imagery
G2697,,False,0.0,no_imagery
G2698,,False,0.0,no_imagery
G2699,,False,0.0,no_imagery
G2700,,False,0.0,no_imagery
G2701,,False,0.0,no_imagery
G2702,,False,0.0,no_imagery
G2703,CPT2703,True,0.745117,covered
G2704,CPT2704,True,1.0,covered
G2705,CPT2705,True,1.0,covered
G2706,CPT2706,True,1.0,covered
G2707,CPT2707,True,1.0,covered
G2708,CPT2708,True,1.0,covered
G2709,CPT2709,True,1.0,covered
G2710,CPT2710,True,1.0,covered
G2711,CPT2711,True,1.0,covered
G2712,CPT2712,True,1.0,covered
G2713,CPT2713,True,1.0,covered
G2714,CPT2714,True,1.0,covered
G2715,CPT2715,True,1.0,covered
G2716,CPT2716,True,1.0,covered
G2717,CPT2717,True,1.0,covered
G2718,CPT2718,True,1.0,covered
G2719,CPT2719,True,1.0,covered
G2720,CPT2720,True,1.0,covered
G2721,CPT2721,True,1.0,covered
G2722,CPT2722,True,1.0,covered
G2723,CPT2723,True,1.0,covered
G2724,CPT2724,True,1.0,covered
G2753,,False,0.0,no_imagery
G2754,,False,0.0,no_imagery
G2755,,False,0.0,no_imagery
G2756,,False,0.0,no_imagery
G2757,,False,0.0,no_imagery
G2758,,False,0.0,no_imagery
G2759,,False,0.0,no_imagery
G2760,CPT2760,True,0.618408,covered
G2761,CPT2761,True,1.0,covered
G2762,CPT2762,True,1.0,covered
G2763,CPT2763,True,1.0,covered
G2764,CPT2764,True,1.0,covered
G2765,CPT2765,True,1.0,covered
G2766,CPT2766,True,1.0,covered
G2767,CPT2767,True,1.0,covered
G2768,CPT2768,True,1.0,covered
G2769,CPT2769,True,1.0,covered
G2770,CPT2770,True,1.0,covered
G2771,CPT2771,True,1.0,covered
G2772,CPT2772,True,1.0,covered
G2773,CPT2773,True,1.0,covered
G2774,CPT2774,True,1.0,covered
G2775,CPT2775,True,1.0,covered
G2776,CPT2776,True,1.0,covered
G2777,CPT2777,True,1.0,covered
G2778,CPT2778,True,1.0,covered
G2779,CPT2779,True,0.999756,covered
G2780,CPT2780,True,1.0,covered
G2781,CPT2781,True,1.0,covered
G2810,,False,0.0,no_imagery
G2811,,False,0.0,no_imagery
G2812,,False,0.0,no_imagery
G2813,,False,0.0,no_imagery
G2814,,False,0.0,no_imagery
G2815,,False,0.0,no_imagery
G2816,,False,0.0,no_imagery
G2817,CPT2817,True,0.633545,covered
G2818,CPT2818,True,1.0,covered
G2819,CPT2819,True,1.0,covered
G2820,CPT2820,True,1.0,covered
G2821,CPT2821,True,1.0,covered
G2822,CPT2822,True,1.0,covered
G2823,CPT2823,True,1.0,covered
G2824,CPT2824,True,1.0,covered
G2825,CPT2825,True,1.0,covered
G2826,CPT2826,True,1.0,covered
G2827,CPT2827,True,1.0,covered
G2828,CPT2828,True,1.0,covered
G2829,CPT2829,True,1.0,covered
G2830,CPT2830,True,1.0,covered
G2831,CPT2831,True,1.0,covered
G2832,CPT2832,True,1.0,covered
G2833,CPT2833,True,1.0,covered
G2834,CPT2834,True,1.0,covered
G2835,CPT2835,True,1.0,covered
G2836,CPT2836,True,1.0,covered
G2837,CPT2837,True,1.0,covered
G2867,,False,0.0,no_imagery
G2868,,False,0.0,no_imagery
G2869,,False,0.0,no_imagery
G2870,,False,0.0,no_imagery
G2871,,False,0.0,no_imagery
G2872,,False,0.0,no_imagery
G2873,,False,0.0,no_imagery
G2874,CPT2874,True,0.590332,covered
G2875,CPT2875,True,1.0,covered
G2876,CPT2876,True,1.0,covered
G2877,CPT2877,True,1.0,covered
G2878,CPT2878,True,1.0,covered
G2879,CPT2879,True,1.0,covered
G2880,CPT2880,True,1.0,covered
G2881,CPT2881,True,1.0,covered
G2882,CPT2882,True,1.0,covered
G2883,CPT2883,True,0.999756,covered
G2884,CPT2884,True,1.0,covered
G2885,CPT2885,True,1.0,covered
G2886,CPT2886,True,1.0,covered
G2887,CPT2887,True,1.0,covered
G2888,CPT2888,True,1.0,covered
G2889,CPT2889,True,1.0,covered
G2890,CPT2890,True,1.0,covered
G2891,CPT2891,True,1.0,covered
G2892,CPT2892,True,1.0,covered
G2893,CPT2893,True,1.0,covered
G2894,CPT2894,True,1.0,covered
G2924,,False,0.0,no_imagery
G2925,,False,0.0,no_imagery
G2926,,False,0.0,no_imagery
G2927,,False,0.0,no_imagery
G2928,,False,0.0,no_imagery
G2929,,False,0.0,no_imagery
G2930,,False,0.0,no_imagery
G2931,CPT2931,True,0.492432,covered
G2932,CPT2932,True,1.0,covered
G2933,CPT2933,True,1.0,covered
G2934,CPT2934,True,1.0,covered
G2935,CPT2935,True,1.0,covered
G2936,CPT2936,True,1.0,covered
G2937,CPT2937,True,1.0,covered
G2938,CPT2938,True,1.0,covered
G2939,CPT2939,True,1.0,covered
G2940,CPT2940,True,1.0,covered
G2941,CPT2941,True,1.0,covered
G2942,CPT2942,True,1.0,covered
G2943,CPT2943,True,1.0,covered
G2944,CPT2944,True,1.0,covered
G2945,CPT2945,True,1.0,covered
G2946,CPT2946,True,1.0,covered
G2947,CPT2947,True,1.0,covered
G2948,CPT2948,True,1.0,covered
G2949,CPT2949,True,1.0,covered
G2950,CPT2950,True,1.0,covered
G2951,CPT2951,True,1.0,covered
G2981,,False,0.0,no_imagery
G2982,,False,0.0,no_imagery
G2983,,False,0.0,no_imagery
G2984,,False,0.0,no_imagery
G2985,,False,0.0,no_imagery
G2986,,False,0.0,no_imagery
G2987,,False,0.0,no_imagery
G2988,CPT2988,True,0.200684,covered
G2989,CPT2989,True,0.900146,covered
G2990,CPT2990,True,1.0,covered
G2991,CPT2991,True,1.0,covered
G2992,CPT2992,True,1.0,covered
G2993,CPT2993,True,0.999756,covered
G2994,CPT2994,True,1.0,covered
G2995,CPT2995,True,1.0,covered
G2996,CPT2996,True,0.999756,covered
G2997,CPT2997,True,0.999756,covered
G2998,CPT2998,True,1.0,covered
G2999,CPT2999,True,1.0,covered
G3000,CPT3000,True,1.0,covered
G3001,CPT3001,True,1.0,covered
G3002,CPT3002,True,1.0,covered
G3003,CPT3003,True,1.0,covered
G3004,CPT3004,True,1.0,covered
G3005,CPT3005,True,1.0,covered
G3006,CPT3006,True,1.0,covered
G3007,CPT3007,True,1.0,covered
G3008,CPT3008,True,1.0,covered
G3038,,False,0.0,no_imagery
G3039,,False,0.0,no_imagery
G3040,,False,0.0,no_imagery
G3041,,False,0.0,no_imagery
G3042,,False,0.0,no_imagery
G3043,,False,0.0,no_imagery
G3044,,False,0.0,no_imagery
G3045,,False,0.0,no_imagery
G3046,CPT3046,True,0.363281,covered
G3047,CPT3047,True,0.979736,covered
G3048,CPT3048,True,1.0,covered
G3049,CPT3049,True,1.0,covered
G3050,CPT3050,True,1.0,covered
G3051,CPT3051,True,0.999268,covered
G3052,CPT3052,True,0.92334,covered
G3053,CPT3053,True,0.612549,covered
G3054,CPT3054,True,0.969482,covered
G3055,CPT3055,True,1.0,covered
G3056,CPT3056,True,1.0,covered
G3057,CPT3057,True,1.0,covered
G3058,CPT3058,True,1.0,covered
G3059,CPT3059,True,1.0,covered
G3060,CPT3060,True,1.0,covered
G3061,CPT3061,True,1.0,covered
G3062,CPT3062,True,1.0,covered
G3063,CPT3063,True,1.0,covered
G3064,CPT3064,True,1.0,covered
G3065,CPT3065,True,1.0,covered
G3095,,False,0.0,no_imagery
G3096,,False,0.0,no_imagery
G3097,,False,0.0,no_imagery
G3098,,False,0.0,no_imagery
G3099,,False,0.0,no_imagery
G3100,,False,0.0,no_imagery
G3101,,False,0.0,no_imagery
G3102,,False,0.0,no_imagery
G3103,,False,0.0,no_imagery
G3104,CPT3104,True,0.446045,covered
G3105,CPT3105,True,0.917236,covered
G3106,CPT3106,True,0.82959,covered
G3107,CPT3107,True,0.831055,covered
G3108,CPT3108,True,0.438477,covered
G3109,CPT3109,True,0.127197,covered
G3110,,False,0.0,no_imagery
G3111,CPT3111,True,0.423096,covered
G3112,CPT3112,True,1.0,covered
G3113,CPT3113,True,1.0,covered
G3114,CPT3114,True,1.0,covered
G3115,CPT3115,True,1.0,covered
G3116,CPT3116,True,1.0,covered
G3117,CPT3117,True,1.0,covered
G3118,CPT3118,True,1.0,covered
G3119,CPT3119,True,1.0,covered
G3120,CPT3120,True,1.0,covered
G3121,CPT3121,True,1.0,covered
G3122,CPT3122,True,1.0,covered
G3152,,False,0.0,no_imagery
G3153,,False,0.0,no_imagery
G3154,,False,0.0,no_imagery
G3155,,False,0.0,no_imagery
G3156,,False,0.0,no_imagery
G3157,,False,0.0,no_imagery
G3158,,False,0.0,no_imagery
G3159,,False,0.0,no_imagery
G3160,,False,0.0,no_imagery
G3161,,False,0.0,no_imagery
G3162,,False,0.0,no_imagery
G3163,,False,0.0,no_imagery
G3164,,False,0.04834,below_threshold
G3165,,False,0.029785,below_threshold
G3166,,False,0.0,no_imagery
G3167,,False,0.0,no_imagery
G3168,,False,0.0271,below_threshold
G3169,CPT3169,True,0.919189,covered
G3170,CPT3170,True,1.0,covered
G3171,CPT3171,True,1.0,covered
G3172,CPT3172,True,1.0,covered
G3173,CPT3173,True,1.0,covered
G3174,CPT3174,True,1.0,covered
G3175,CPT3175,True,1.0,covered
G3176,CPT3176,True,1.0,covered
G3177,CPT3177,True,1.0,covered
G3178,CPT3178,True,0.999756,covered
G3179,CPT3179,True,1.0,covered
G3209,,False,0.0,no_imagery
G3210,,False,0.0,no_imagery
G3211,,False,0.0,no_imagery
G3212,,False,0.0,no_imagery
G3213,,False,0.0,no_imagery
G3214,,False,0.0,no_imagery
G3215,,False,0.0,no_imagery
G3216,,False,0.0,no_imagery
G3217,,False,0.0,no_imagery
G3218,,False,0.0,no_imagery
G3219,,False,0.0,no_imagery
G3220,,False,0.0,no_imagery
G3221,,False,0.0,no_imagery
G3222,,False,0.0,no_imagery
G3223,,False,0.0,no_imagery
G3224,,False,0.0,no_imagery
G3225,,False,0.0,no_imagery
G3226,CPT3226,True,0.577881,covered
G3227,CPT3227,True,1.0,covered
G3228,CPT3228,True,1.0,covered
G3229,CPT3229,True,1.0,covered
G3230,CPT3230,True,1.0,covered
G3231,CPT3231,True,1.0,covered
G3232,CPT3232,True,1.0,covered
G3233,CPT3233,True,1.0,covered
G3234,CPT3234,True,1.0,covered
G3235,CPT3235,True,1.0,covered
G3236,CPT3236,True,1.0,covered
G3266,,False,0.0,no_imagery
G3267,,False,0.0,no_imagery
G3268,,False,0.0,no_imagery
G3269,,False,0.0,no_imagery
G3270,,False,0.0,no_imagery
G3271,,False,0.0,no_imagery
G3272,,False,0.0,no_imagery
G3273,,False,0.0,no_imagery
G3274,,False,0.0,no_imagery
G3275,,False,0.0,no_imagery
G3276,,False,0.0,no_imagery
G3277,,False,0.0,no_imagery
G3278,,False,0.0,no_imagery
G3279,,False,0.0,no_imagery
G3280,,False,0.0,no_imagery
G3281,,False,0.0,no_imagery
G3282,,False,0.0,no_imagery
G3283,CPT3283,True,0.318848,covered
G3284,CPT3284,True,1.0,covered
G3285,CPT3285,True,1.0,covered
G3286,CPT3286,True,1.0,covered
G3287,CPT3287,True,1.0,covered
G3288,CPT3288,True,1.0,covered
G3289,CPT3289,True,1.0,covered
G3290,CPT3290,True,1.0,covered
G3291,CPT3291,True,1.0,covered
G3292,CPT3292,True,1.0,covered
G3293,CPT3293,True,1.0,covered
G3323,,False,0.0,no_imagery
G3324,,False,0.0,no_imagery
G3325,,False,0.0,no_imagery
G3326,,False,0.0,no_imagery
G3327,,False,0.0,no_imagery
G3328,,False,0.0,no_imagery
G3329,,False,0.0,no_imagery
G3330,,False,0.0,no_imagery
G3331,,False,0.0,no_imagery
G3332,,False,0.0,no_imagery
G3333,,False,0.0,no_imagery
G3334,,False,0.0,no_imagery
G3335,,False,0.0,no_imagery
G3336,,False,0.0,no_imagery
G3337,,False,0.0,no_imagery
G3338,,False,0.0,no_imagery
G3339,,False,0.0,no_imagery
G3340,CPT3340,True,0.2146,covered
G3341,CPT3341,True,1.0,covered
G3342,CPT3342,True,1.0,covered
G3343,CPT3343,True,1.0,covered
G3344,CPT3344,True,1.0,covered
G3345,CPT3345,True,1.0,covered
G3346,CPT3346,True,1.0,covered
G3347,CPT3347,True,1.0,covered
G3348,CPT3348,True,1.0,covered
G3349,CPT3349,True,1.0,covered
G3350,CPT3350,True,1.0,covered
G3380,,False,0.0,no_imagery
G3381,,False,0.0,no_imagery
G3382,,False,0.0,no_imagery
G3383,,False,0.0,no_imagery
G3384,,False,0.0,no_imagery
G3385,,False,0.0,no_imagery
G3386,,False,0.0,no_imagery
G3387,,False,0.0,no_imagery
G3388,,False,0.0,no_imagery
G3389,,False,0.0,no_imagery
G3390,,False,0.0,no_imagery
G3391,,False,0.0,no_imagery
G3392,,False,0.0,no_imagery
G3393,,False,0.0,no_imagery
G3394,,False,0.0,no_imagery
G3395,,False,0.0,no_imagery
G3396,,False,0.0,no_imagery
G3397,CPT3397,True,0.26123,covered
G3398,CPT3398,True,1.0,covered
G3399,CPT3399,True,1.0,covered
G3400,CPT3400,True,1.0,covered
G3401,CPT3401,True,1.0,covered
G3402,CPT3402,True,1.0,covered
G3403,CPT3403,True,1.0,covered
G3404,CPT3404,True,1.0,covered
G3405,CPT3405,True,1.0,covered
G3406,CPT3406,True,1.0,covered
G3407,CPT3407,True,1.0,covered
G3437,,False,0.0,no_imagery
G3438,,False,0.0,no_imagery
G3439,,False,0.0,no_imagery
G3440,,False,0.0,no_imagery
G3441,,False,0.0,no_imagery
G3442,,False,0.0,no_imagery
G3443,,False,0.0,no_imagery
G3444,,False,0.0,no_imagery
G3445,,False,0.0,no_imagery
G3446,,False,0.0,no_imagery
G3447,,False,0.0,no_imagery
G3448,,False,0.0,no_imagery
G3449,,False,0.0,no_imagery
G3450,,False,0.0,no_imagery
G3451,,False,0.0,no_imagery
G3452,,False,0.0,no_imagery
G3453,,False,0.0,no_imagery
G3454,CPT3454,True,0.401367,covered
G3455,CPT3455,True,1.0,covered
G3456,CPT3456,True,1.0,covered
G3457,CPT3457,True,1.0,covered
G3458,CPT3458,True,1.0,covered
G3459,CPT3459,True,1.0,covered
G3460,CPT3460,True,1.0,covered
G3461,CPT3461,True,1.0,covered
G3462,CPT3462,True,1.0,covered
G3463,CPT3463,True,1.0,covered
G3464,CPT3464,True,1.0,covered
G3493,,False,0.0,no_imagery
G3494,,False,0.0,no_imagery
G3495,,False,0.0,no_imagery
G3496,,False,0.0,no_imagery
G3497,,False,0.0,no_imagery
G3498,,False,0.0,no_imagery
G3499,,False,0.0,no_imagery
G3500,,False,0.0,no_imagery
G3501,,False,0.0,no_imagery
G3502,,False,0.0,no_imagery
G3503,,False,0.0,no_imagery
G3504,,False,0.0,no_imagery
G3505,,False,0.0,no_imagery
G3506,,False,0.0,no_imagery
G3507,,False,0.0,no_imagery
G3508,,False,0.0,no_imagery
G3509,,False,0.0,no_imagery
G3510,CPT3510,True,0.708252,covered
G3511,CPT3511,True,1.0,covered
G3512,CPT3512,True,1.0,covered
G3513,CPT3513,True,1.0,covered
G3514,CPT3514,True,1.0,covered
G3515,CPT3515,True,1.0,covered
G3516,CPT3516,True,1.0,covered
G3517,CPT3517,True,1.0,covered
G3518,CPT3518,True,1.0,covered
G3519,CPT3519,True,1.0,covered
G3520,CPT3520,True,1.0,covered
G3549,,False,0.0,no_imagery
G3550,,False,0.0,no_imagery
G3551,,False,0.0,no_imagery
G3552,,False,0.0,no_imagery
G3553,,False,0.0,no_imagery
G3554,,False,0.0,no_imagery
G3555,,False,0.0,no_imagery
G3556,,False,0.0,no_imagery
G3557,,False,0.0,no_imagery
G3558,,False,0.0,no_imagery
G3559,,False,0.0,no_imagery
G3560,,False,0.0,no_imagery
G3561,,False,0.0,no_imagery
G3562,,False,0.0,no_imagery
G3563,,False,0.0,no_imagery
G3564,,False,0.0,no_imagery
G3565,CPT3565,True,0.12793,covered
G3566,CPT3566,True,0.985107,covered
G3567,CPT3567,True,1.0,covered
G3568,CPT3568,True,1.0,covered
G3569,CPT3569,True,1.0,covered
G3570,CPT3570,True,1.0,covered
G3571,CPT3571,True,1.0,covered
G3572,CPT3572,True,1.0,covered
G3573,CPT3573,True,1.0,covered
G3574,CPT3574,True,1.0,covered
G3575,CPT3575,True,1.0,covered
G3576,CPT3576,True,1.0,covered
G3605,,False,0.0,no_imagery
G3606,,False,0.0,no_imagery
G3607,,False,0.0,no_imagery
G3608,,False,0.0,no_imagery
G3609,,False,0.0,no_imagery
G3610,,False,0.0,no_imagery
G3611,,False,0.0,no_imagery
G3612,,False,0.0,no_imagery
G3613,,False,0.0,no_imagery
G3614,,False,0.0,no_imagery
G3615,,False,0.0,no_imagery
G3616,,False,0.0,no_imagery
G3617,,False,0.0,no_imagery
G3618,,False,0.0,no_imagery
G3619,,False,0.0,no_imagery
G3620,,False,0.0,no_imagery
G3621,CPT3621,True,0.576416,covered
G3622,CPT3622,True,1.0,covered
G3623,CPT3623,True,1.0,covered
G3624,CPT3624,True,1.0,covered
G3625,CPT3625,True,1.0,covered
G3626,CPT3626,True,1.0,covered
G3627,CPT3627,True,1.0,covered
G3628,CPT3628,True,1.0,covered
G3629,CPT3629,True,1.0,covered
G3630,CPT3630,True,1.0,covered
G3631,CPT3631,True,1.0,covered
G3632,CPT3632,True,1.0,covered
G3661,,False,0.0,no_imagery
G3662,,False,0.0,no_imagery
G3663,,False,0.0,no_imagery
G3664,,False,0.0,no_imagery
G3665,,False,0.0,no_imagery
G3666,,False,0.0,no_imagery
G3667,,False,0.0,no_imagery
G3668,,False,0.0,no_imagery
G3669,,False,0.0,no_imagery
G3670,,False,0.0,no_imagery
G3671,,False,0.0,no_imagery
G3672,,False,0.0,no_imagery
G3673,,False,0.0,no_imagery
G3674,,False,0.0,no_imagery
G3675,,False,0.0,no_imagery
G3676,CPT3676,True,0.189697,covered
G3677,CPT3677,True,0.974609,covered
G3678,CPT3678,True,1.0,covered
G3679,CPT3679,True,1.0,covered
G3680,CPT3680,True,1.0,covered
G3681,CPT3681,True,1.0,covered
G3682,CPT3682,True,1.0,covered
G3683,CPT3683,True,1.0,covered
G3684,CPT3684,True,1.0,covered
G3685,CPT3685,True,1.0,covered
G3686,CPT3686,True,1.0,covered
G3687,CPT3687,True,1.0,covered
G3688,CPT3688,True,1.0,covered
G3717,,False,0.0,no_imagery
G3718,,False,0.0,no_imagery
G3719,,False,0.0,no_imagery
G3720,,False,0.0,no_imagery
G3721,,False,0.0,no_imagery
G3722,,False,0.0,no_imagery
G3723,,False,0.0,no_imagery
G3724,,False,0.0,no_imagery
G3725,,False,0.0,no_imagery
G3726,,False,0.0,no_imagery
G3727,,False,0.0,no_imagery
G3728,,False,0.0,no_imagery
G3729,,False,0.0,no_imagery
G3730,,False,0.0,no_imagery
G3731,CPT3731,True,0.162354,covered
G3732,CPT3732,True,0.88208,covered
G3733,CPT3733,True,1.0,covered
G3734,CPT3734,True,1.0,covered
G3735,CPT3735,True,1.0,covered
G3736,CPT3736,True,1.0,covered
G3737,CPT3737,True,1.0,covered
G3738,CPT3738,True,1.0,covered
G3739,CPT3739,True,1.0,covered
G3740,CPT3740,True,1.0,covered
G3741,CPT3741,True,1.0,covered
G3742,CPT3742,True,1.0,covered
G3743,CPT3743,True,1.0,covered
G3744,CPT3744,True,1.0,covered
G3773,,False,0.0,no_imagery
G3774,,False,0.0,no_imagery
G3775,,False,0.0,no_imagery
G3776,,False,0.0,no_imagery
G3777,,False,0.0,no_imagery
G3778,,False,0.0,no_imagery
G3779,,False,0.0,no_imagery
G3780,,False,0.0,no_imagery
G3781,,False,0.0,no_imagery
G3782,,False,0.0,no_imagery
G3783,,False,0.0,no_imagery
G3784,,False,0.0,no_imagery
G3785,,False,0.0,no_imagery
G3786,,False,0.0,no_imagery
G3787,CPT3787,True,0.674316,covered
G3788,CPT3788,True,1.0,covered
G3789,CPT3789,True,1.0,covered
G3790,CPT3790,True,1.0,covered
G3791,CPT3791,True,1.0,covered
G3792,CPT3792,True,1.0,covered
G3793,CPT3793,True,1.0,covered
G3794,CPT3794,True,1.0,covered
G3795,CPT3795,True,1.0,covered
G3796,CPT3796,True,1.0,covered
G3797,CPT3797,True,1.0,covered
G3798,CPT3798,True,1.0,covered
G3799,CPT3799,True,1.0,covered
G3800,CPT3800,True,1.0,covered
G3829,,False,0.0,no_imagery
G3830,,False,0.0,no_imagery
G3831,,False,0.0,no_imagery
G3832,,False,0.0,no_imagery
G3833,,False,0.0,no_imagery
G3834,,False,0.0,no_imagery
G3835,,False,0.0,no_imagery
G3836,,False,0.0,no_imagery
G3837,,False,0.0,no_imagery
G3838,,False,0.0,no_imagery
G3839,,False,0.0,no_imagery
G3840,,False,0.0,no_imagery
G3841,,False,0.0,no_imagery
G3842,CPT3842,True,0.064697,covered
G3843,CPT3843,True,0.882568,covered
G3844,CPT3844,True,1.0,covered
G3845,CPT3845,True,1.0,covered
G3846,CPT3846,True,1.0,covered
G3847,CPT3847,True,1.0,covered
G3848,CPT3848,True,1.0,covered
G3849,CPT3849,True,1.0,covered
G3850,CPT3850,True,1.0,covered
G3851,CPT3851,True,1.0,covered
G3852,CPT3852,True,1.0,covered
G3853,CPT3853,True,1.0,covered
G3854,CPT3854,True,1.0,covered
G3855,CPT3855,True,1.0,covered
G3856,CPT3856,True,1.0,covered
G3885,,False,0.0,no_imagery
G3886,,False,0.0,no_imagery
G3887,,False,0.0,no_imagery
G3888,,False,0.0,no_imagery
G3889,,False,0.0,no_imagery
G3890,,False,0.0,no_imagery
G3891,,False,0.0,no_imagery
G3892,,False,0.0,no_imagery
G3893,,False,0.0,no_imagery
G3894,,False,0.0,no_imagery
G3895,,False,0.0,no_imagery
G3896,,False,0.0,no_imagery
G3897,,False,0.0,no_imagery
G3898,CPT3898,True,0.380859,covered
G3899,CPT3899,True,1.0,covered
G3900,CPT3900,True,1.0,covered
G3901,CPT3901,True,1.0,covered
G3902,CPT3902,True,1.0,covered
G3903,CPT3903,True,1.0,covered
G3904,CPT3904,True,1.0,covered
G3905,CPT3905,True,1.0,covered
G3906,CPT3906,True,1.0,covered
G3907,CPT3907,True,1.0,covered
G3908,CPT3908,True,1.0,covered
G3909,CPT3909,True,1.0,covered
G3910,CPT3910,True,1.0,covered
G3911,CPT3911,True,1.0,covered
G3912,CPT3912,True,1.0,covered
G3941,,False,0.0,no_imagery
G3942,,False,0.0,no_imagery
G3943,,False,0.0,no_imagery
G3944,,False,0.0,no_imagery
G3945,,False,0.0,no_imagery
G3946,,False,0.0,no_imagery
G3947,,False,0.0,no_imagery
G3948,,False,0.0,no_imagery
G3949,,False,0.0,no_imagery
G3950,,False,0.0,no_imagery
G3951,,False,0.0,no_imagery
G3952,,False,0.0,no_imagery
G3953,,False,0.0,no_imagery
G3954,CPT3954,True,0.629639,covered
G3955,CPT3955,True,1.0,covered
G3956,CPT3956,True,1.0,covered
G3957,CPT3957,True,1.0,covered
G3958,CPT3958,True,1.0,covered
G3959,CPT3959,True,1.0,covered
G3960,CPT3960,True,1.0,covered
G3961,CPT3961,True,1.0,covered
G3962,CPT3962,True,1.0,covered
G3963,CPT3963,True,1.0,covered
G3964,CPT3964,True,1.0,covered
G3965,CPT3965,True,1.0,covered
G3966,CPT3966,True,1.0,covered
G3967,CPT3967,True,1.0,covered
G3968,CPT3968,True,1.0,covered
G3997,,False,0.0,no_imagery
G3998,,False,0.0,no_imagery
G3999,,False,0.0,no_imagery
G4000,,False,0.0,no_imagery
G4001,,False,0.0,no_imagery
G4002,,False,0.0,no_imagery
G4003,,False,0.0,no_imagery
G4004,,False,0.0,no_imagery
G4005,,False,0.0,no_imagery
G4006,,False,0.0,no_imagery
G4007,,False,0.0,no_imagery
G4008,,False,0.0,no_imagery
G4009,,False,0.0,no_imagery
G4010,CPT4010,True,0.88208,covered
G4011,CPT4011,True,1.0,covered
G4012,CPT4012,True,1.0,covered
G4013,CPT4013,True,1.0,covered
G4014,CPT4014,True,1.0,covered
G4015,CPT4015,True,1.0,covered
G4016,CPT4016,True,1.0,covered
G4017,CPT4017,True,1.0,covered
G4018,CPT4018,True,1.0,covered
G4019,CPT4019,True,1.0,covered
G4020,CPT4020,True,1.0,covered
G4021,CPT4021,True,1.0,covered
G4022,CPT4022,True,1.0,covered
G4023,CPT4023,True,1.0,covered
G4024,CPT4024,True,1.0,covered
G4053,,False,0.0,no_imagery
G4054,,False,0.0,no_imagery
G4055,,False,0.0,no_imagery
G4056,,False,0.0,no_imagery
G4057,,False,0.0,no_imagery
G4058,,False,0.0,no_imagery
G4059,,False,0.0,no_imagery
G4060,,False,0.0,no_imagery
G4061,,False,0.0,no_imagery
G4062,,False,0.0,no_imagery
G4063,,False,0.0,no_imagery
G4064,,False,0.0,no_imagery
G4065,,False,0.030029,below_threshold
G4066,CPT4066,True,0.966553,covered
G4067,CPT4067,True,1.0,covered
G4068,CPT4068,True,1.0,covered
G4069,CPT4069,True,1.0,covered
G4070,CPT4070,True,1.0,covered
G4071,CPT4071,True,1.0,covered
G4072,CPT4072,True,1.0,covered
G4073,CPT4073,True,1.0,covered
G4074,CPT4074,True,1.0,covered
G4075,CPT4075,True,1.0,covered
G4076,CPT4076,True,1.0,covered
G4077,CPT4077,True,1.0,covered
G4078,CPT4078,True,1.0,covered
G4079,CPT4079,True,1.0,covered
G4080,CPT4080,True,1.0,covered
G4109,,False,0.0,no_imagery
G4110,,False,0.0,no_imagery
G4111,,False,0.0,no_imagery
G4112,,False,0.0,no_imagery
G4113,,False,0.0,no_imagery
G4114,,False,0.0,no_imagery
G4115,,False,0.0,no_imagery
G4116,,False,0.0,no_imagery
G4117,,False,0.0,no_imagery
G4118,,False,0.0,no_imagery
G4119,,False,0.0,no_imagery
G4120,,False,0.0,no_imagery
G4121,CPT4121,True,0.342773,covered
G4122,CPT4122,True,1.0,covered
G4123,CPT4123,True,1.0,covered
G4124,CPT4124,True,1.0,covered
G4125,CPT4125,True,1.0,covered
G4126,CPT4126,True,1.0,covered
G4127,CPT4127,True,1.0,covered
G4128,CPT4128,True,1.0,covered
G4129,CPT4129,True,1.0,covered
G4130,CPT4130,True,1.0,covered
G4131,CPT4131,True,1.0,covered
G4132,CPT4132,True,1.0,covered
G4133,CPT4133,True,1.0,covered
G4134,CPT4134,True,1.0,covered
G4135,CPT4135,True,1.0,covered
G4136,CPT4136,True,1.0,covered
G4165,,False,0.0,no_imagery
G4166,,False,0.0,no_imagery
G4167,,False,0.0,no_imagery
G4168,,False,0.0,no_imagery
G4169,,False,0.0,no_imagery
G4170,,False,0.0,no_imagery
G4171,,False,0.0,no_imagery
G4172,,False,0.0,no_imagery
G4173,,False,0.0,no_imagery
G4174,,False,0.0,no_imagery
G4175,,False,0.0,no_imagery
G4176,,False,0.0,no_imagery
G4177,CPT4177,True,0.519043,covered
G4178,CPT4178,True,1.0,covered
G4179,CPT4179,True,1.0,covered
G4180,CPT4180,True,1.0,covered
G4181,CPT4181,True,1.0,covered
G4182,CPT4182,True,1.0,covered
G4183,CPT4183,True,1.0,covered
G4184,CPT4184,True,1.0,covered
G4185,CPT4185,True,1.0,covered
G4186,CPT4186,True,1.0,covered
G4187,CPT4187,True,1.0,covered
G4188,CPT4188,True,1.0,covered
G4189,CPT4189,True,1.0,covered
G4190,CPT4190,True,1.0,covered
G4191,CPT4191,True,1.0,covered
G4192,CPT4192,True,1.0,covered
G4221,,False,0.0,no_imagery
G4222,,False,0.0,no_imagery
G4223,,False,0.0,no_imagery
G4224,,False,0.0,no_imagery
G4225,,False,0.0,no_imagery
G4226,,False,0.0,no_imagery
G4227,,False,0.0,no_imagery
G4228,,False,0.0,no_imagery
G4229,,False,0.0,no_imagery
G4230,,False,0.0,no_imagery
G4231,,False,0.0,no_imagery
G4232,,False,0.0,no_imagery
G4233,,False,0.020752,below_threshold
G4234,CPT4234,True,0.928467,covered
G4235,CPT4235,True,1.0,covered
G4236,CPT4236,True,1.0,covered
G4237,CPT4237,True,1.0,covered
G4238,CPT4238,True,1.0,covered
G4239,CPT4239,True,1.0,covered
G4240,CPT4240,True,1.0,covered
G4241,CPT4241,True,1.0,covered
G4242,CPT4242,True,1.0,covered
G4243,CPT4243,True,1.0,covered
G4244,CPT4244,True,1.0,covered
G4245,CPT4245,True,1.0,covered
G4246,CPT4246,True,1.0,covered
G4247,CPT4247,True,1.0,covered
G4248,CPT4248,True,1.0,covered
G4277,,False,0.0,no_imagery
G4278,,False,0.0,no_imagery
G4279,,False,0.0,no_imagery
G4280,,False,0.0,no_imagery
G4281,,False,0.0,no_imagery
G4282,,False,0.0,no_imagery
G4283,,False,0.0,no_imagery
G4284,,False,0.0,no_imagery
G4285,,False,0.0,no_imagery
G4286,,False,0.0,no_imagery
G4287,,False,0.0,no_imagery
G4288,,False,0.0,no_imagery
G4289,,False,0.04834,below_threshold
G4290,CPT4290,True,0.993164,covered
G4291,CPT4291,True,1.0,covered
G4292,CPT4292,True,1.0,covered
G4293,CPT4293,True,1.0,covered
G4294,CPT4294,True,1.0,covered
G4295,CPT4295,True,1.0,covered
G4296,CPT4296,True,1.0,covered
G4297,CPT4297,True,1.0,covered
G4298,CPT4298,True,1.0,covered
G4299,CPT4299,True,1.0,covered
G4300,CPT4300,True,1.0,covered
G4301,CPT4301,True,1.0,covered
G4302,CPT4302,True,1.0,covered
G4303,CPT4303,True,1.0,covered
G4304,CPT4304,True,1.0,covered
G4333,,False,0.0,no_imagery
G4334,,False,0.0,no_imagery
G4335,,False,0.0,no_imagery
G4336,,False,0.0,no_imagery
G4337,,False,0.0,no_imagery
G4338,,False,0.0,no_imagery
G4339,,False,0.0,no_imagery
G4340,,False,0.0,no_imagery
G4341,,False,0.0,no_imagery
G4342,,False,0.0,no_imagery
G4343,,False,0.0,no_imagery
G4344,,False,0.0,no_imagery
G4345,CPT4345,True,0.254883,covered
G4346,CPT4346,True,1.0,covered
G4347,CPT4347,True,1.0,covered
G4348,CPT4348,True,1.0,covered
G4349,CPT4349,True,1.0,covered
G4350,CPT4350,True,1.0,covered
G4351,CPT4351,True,1.0,covered
G4352,CPT4352,True,1.0,covered
G4353,CPT4353,True,1.0,covered
G4354,CPT4354,True,1.0,covered
G4355,CPT4355,True,1.0,covered
G4356,CPT4356,True,1.0,covered
G4357,CPT4357,True,1.0,covered
G4358,CPT4358,True,1.0,covered
G4359,CPT4359,True,1.0,covered
G4360,CPT4360,True,1.0,covered
G4389,CPT4389,True,1.0,covered
G4390,CPT4390,True,1.0,covered
G4391,CPT4391,True,1.0,covered
G4392,CPT4392,True,1.0,covered
G4393,CPT4393,True,1.0,covered
G4394,CPT4394,True,1.0,covered
G4395,CPT4395,True,1.0,covered
G4396,CPT4396,True,1.0,covered
G4397,CPT4397,True,1.0,covered
G4398,CPT4398,True,1.0,covered
G4399,CPT4399,True,1.0,covered
G4400,CPT4400,True,1.0,covered
G4401,CPT4401,True,1.0,covered
